"","Latitude","Longitude","Place","As","Cr","Zn"
"3738",34.0185,-117.0136,"San Bernardino",NA,130,110
"1241",36.0784,-118.2954,"Fresno",1,-2,66
"4529",41.25304,-121.94975,"Alturas",3.6,56,72
"743",35.84627,-120.0212,"San Luis Obispo",8.3,152,91
"4085",36.34693,-119.09659,"Fresno",1.5,56,110
"1817",34.8114,-115.608,"Needles",NA,29,64
"3811",34.049,-116.8523,"San Bernardino",NA,96,95
"798",35.18547,-120.14416,"San Luis Obispo",2.4,9,32
"1226",35.8852,-120.8417,"San Luis Obispo",7.6,39,67
"664",35.28663,-119.5958,"Bakersfield",4.6,39,38
"25",34.40965,-118.07701,"Los Angeles",-0.6,58,66
"4799",41.64755,-123.3114,"Weed",1.5,67,70
"764",33.62843,-114.8868,"Salton Sea",5.5,19,48
"2096",34.7066,-114.8295,"Needles",NA,43,79
"4496",39.64404,-120.42956,"Chico",5.4,50,111
"3414",34.1718,-117.1766,"San Bernardino",NA,NA,NA
"1975",34.7843,-114.7416,"Needles",NA,78,67
"535",36.19774,-117.67037,"Death Valley",5.9,43,92
"3906",34.2473,-116.0527,"San Bernardino",NA,48,60
"2198",34.303,-115.7868,"Needles",NA,14,38
"3303",34.3894,-117.4534,"San Bernardino",NA,86,55
"1442",35.2744,-115.1188,"Kingman",NA,150,170
"1369",34.5013,-117.8677,"San Bernardino",3.6,43,85
"3156",34.6621,-116.4066,"San Bernardino",NA,59,110
"337",35.1219,-115.40367,"Kingman",2,46,63
"959",38.0199,-121.2828,"Sacramento",4.9,29,77
"3221",34.5403,-116.2091,"San Bernardino",NA,170,86
"1619",35.4424,-115.9676,"Kingman",NA,61,85
"232",34.86377,-120.34891,"Santa Maria",3.2,76,30
"1071",36.4584,-120.282,"Monterey",10.5,61,99
"4941",38.81699,-123.08385,"Santa Rosa",5.6,72,83
"4342",41.27,-120.2994,"Alturas",NA,39,91
"4587",40.05649,-120.05505,"Susanville",3.3,27,84
"3334",34.3649,-117.3258,"San Bernardino",NA,33,63
"3140",34.7408,-116.326,"San Bernardino",NA,69,61
"2568",34.1723,-114.8305,"Needles",NA,57,78
"4685",40.06635,-122.40887,"Redding",6.1,176,95
"2678",34.7851,-117.7105,"San Bernardino",NA,55,68
"264",32.83602,-115.60216,"El Centro",4.5,9,36
"462",37.05748,-117.4704,"Goldfield",21.3,25,123
"3769",34.14,-117.1701,"San Bernardino",NA,51,99
"1628",35.0077,-114.7086,"Kingman",NA,77,87
"2779",34.9386,-116.8357,"San Bernardino",NA,28,160
"3998",36.94342,-120.65099,"Monterey",16,130,120
"2009",34.7303,-115.9018,"Needles",NA,24,81
"4532",39.11731,-120.45894,"Chico",14.4,16,185
"2280",34.4735,-114.9008,"Needles",NA,49,110
"97",32.56466,-116.79135,"San Diego",7.5,17,77
"1272",36.7922,-119.9331,"Fresno",3.4,10,60
"1668",35.3593,-115.852,"Kingman",NA,41,71
"604",37.80011,-118.85118,"Mariposa",4.6,10,47
"3437",34.4295,-116.8704,"San Bernardino",NA,31,55
"1348",37.4095,-119.6978,"Mariposa",0.8,13,107
"3581",34.006,-117.819,"San Bernardino",NA,86,130
"3593",34.074,-117.8255,"San Bernardino",NA,68,110
"3630",34.1744,-117.511,"San Bernardino",NA,120,140
"1366",35.8608,-118.7865,"Bakersfield",2.7,23,62
"2765",34.7785,-116.9782,"San Bernardino",NA,75,71
"2402",34.139,-115.9715,"Needles",NA,160,72
"344",34.6421,-117.14553,"San Bernardino",19.9,47,104
"3014",34.6537,-117.1325,"San Bernardino",NA,45,77
"1462",35.2176,-115.1795,"Kingman",7.6,25,250
"2063",34.6834,-115.1735,"Needles",NA,45,57
"472",33.48795,-115.11197,"Salton Sea",8.1,115,127
"4705",40.38555,-122.48445,"Redding",9.1,143,91
"2528",34.1617,-115.1694,"Needles",NA,39,58
"1345",37.187,-119.2573,"Mariposa",4.5,33,149
"1223",35.7853,-120.9682,"San Luis Obispo",1.1,-2,15
"2080",34.6251,-115.172,"Needles",NA,2,200
"608",37.67349,-119.82877,"Mariposa",6.5,29,334
"2784",34.9728,-116.8527,"San Bernardino",NA,17,62
"83",32.75341,-116.6467,"San Diego",1.8,61,101
"4165",37.94132,-120.76,"San Jose",3.7,74,140
"2467",34.0828,-115.6437,"Needles",NA,44,60
"4325",41.9469,-120.1841,"Alturas",NA,26,140
"3858",34.1476,-116.6776,"San Bernardino",NA,36,88
"1097",38.8795,-121.7351,"Sacramento",8.8,109,100
"312",34.55797,-116.69092,"San Bernardino",2.8,31,73
"1559",35.6432,-115.9363,"Kingman",NA,26,59
"1092",36.0543,-121.3961,"Monterey",1.5,70,94
"2088",34.5653,-115.1173,"Needles",NA,39,62
"4308",41.5463,-120.1872,"Alturas",NA,120,71
"2854",34.8251,-116.2597,"San Bernardino",NA,67,82
"2021",34.6787,-115.977,"Needles",NA,62,97
"1938",34.9344,-114.8674,"Needles",NA,70,83
"2620",34.1752,-114.4122,"Needles",NA,61,84
"2478",34.0533,-115.312,"Needles",NA,22,54
"67",32.88158,-116.92802,"San Diego",3.5,43,90
"373",36.73366,-118.37926,"Fresno",2.8,11,69
"1812",34.8989,-115.6417,"Needles",NA,44,65
"130",34.04135,-118.59624,"Los Angeles",7.5,74,54
"3196",34.7365,-116.0251,"San Bernardino",NA,64,62
"662",35.84333,-118.30536,"Bakersfield",1.4,29,76
"896",35.6345,-116.611,"Trona",6.6,22,71
"4206",35.6569,-119.2479,"Bakersfield",NA,43,61
"3760",34.1062,-117.1732,"San Bernardino",NA,23,130
"899",35.5683,-116.3303,"Trona",2.1,111,75
"3549",34.468,-116.2112,"San Bernardino",NA,130,81
"4593",40.46177,-121.04459,"Susanville",6.5,194,126
"2730",34.7845,-117.0549,"San Bernardino",NA,59,220
"724",35.77367,-121.32351,"San Luis Obispo",6.9,141,72
"1284",35.2443,-120.6045,"San Luis Obispo",5,55,54
"2437",34.1734,-115.6845,"Needles",NA,34,55
"2585",34.0741,-114.6112,"Needles",NA,37,51
"2852",34.8766,-116.2873,"San Bernardino",NA,51,81
"4515",41.46835,-121.47738,"Alturas",3.4,69,98
"3746",34.0184,-117.1749,"San Bernardino",NA,88,85
"4482",39.38575,-120.1517,"Chico",10.6,17,60
"3619",34.1836,-117.8782,"San Bernardino",NA,72,120
"283",35.30075,-115.30875,"Kingman",2.1,15,67
"583",37.12661,-119.43263,"Mariposa",0.9,6,47
"1557",35.612,-115.9798,"Kingman",NA,44,59
"3324",34.2676,-117.2576,"San Bernardino",NA,34,72
"2320",34.4893,-114.566,"Needles",NA,110,85
"2367",34.2992,-114.2607,"Needles",4.8,50,69
"3829",34.1485,-116.7086,"San Bernardino",NA,23,80
"401",36.51814,-116.71944,"Death Valley",7.2,25,54
"3658",34.0446,-117.7435,"San Bernardino",NA,68,160
"4993",41.87321,-124.02862,"Eureka",1.5,506,39
"1418",35.219,-114.9795,"Kingman",NA,68,94
"2632",34.9116,-117.9733,"San Bernardino",NA,29,84
"3928",36.52265,-119.89035,"Fresno",3,23,55
"1189",35.6495,-121.2081,"San Luis Obispo",3.1,2370,69
"1969",34.816,-114.6771,"Needles",NA,100,77
"1008",38.0881,-120.3196,"Sacramento",4.4,63,45
"742",34.96425,-115.31337,"Needles",2.1,37,88
"3081",34.5893,-116.7863,"San Bernardino",NA,43,85
"1085",38.8922,-120.2727,"Sacramento",1.9,14,58
"5026",40.60028,-123.57335,"Redding",12.6,199,152
"2075",34.6473,-115.1328,"Needles",NA,38,64
"3126",34.6821,-116.5142,"San Bernardino",NA,10,58
"3809",34.1142,-116.8301,"San Bernardino",NA,33,88
"1275",36.6733,-119.7267,"Fresno",2.6,10,84
"1149",36.2869,-121.4567,"Monterey",19.3,77,194
"3105",34.6531,-116.7145,"San Bernardino",NA,59,76
"1856",34.9382,-115.8822,"Needles",NA,23,42
"2061",34.6994,-115.3988,"Needles",NA,43,45
"3644",34.2164,-117.5715,"San Bernardino",NA,28,88
"4338",41.9236,-120.0986,"Alturas",NA,50,84
"1807",34.9882,-115.6422,"Needles",NA,30,41
"1378",34.8458,-116.8231,"San Bernardino",9.4,31,89
"509",36.0724,-118.47675,"Fresno",3.3,37,88
"4032",36.2114,-119.88378,"Fresno",7.7,140,85
"2586",34.1801,-114.5146,"Needles",NA,55,46
"2420",34.0671,-115.7235,"Needles",NA,5,220
"4855",38.02651,-122.18451,"Santa Rosa",13.7,100,109
"362",36.3477,-117.64476,"Death Valley",6.2,38,62
"4801",41.75593,-122.6819,"Weed",34.9,105,128
"1340",37.1845,-118.0723,"Mariposa",6.6,35,96
"1510",35.4326,-115.7838,"Kingman",NA,53,47
"4967",39.22724,-123.4636,"Ukiah",7.1,80,130
"4613",39.95286,-120.54027,"Chico",5.5,90,142
"2999",34.6608,-117.0592,"San Bernardino",NA,59,74
"2667",34.8815,-117.5981,"San Bernardino",NA,46,56
"935",35.526,-117.3641,"Trona",14.1,21,64
"313",34.91977,-116.48461,"San Bernardino",2.1,18,37
"1327",37.4579,-119.1341,"Mariposa",4.4,99,102
"3503",34.401,-116.6024,"San Bernardino",NA,83,59
"2150",34.6483,-114.677,"Needles",NA,40,88
"677",35.78205,-120.88051,"San Luis Obispo",5.4,67,66
"2923",34.5059,-117.988,"San Bernardino",NA,17,47
"1989",34.9189,-114.676,"Needles",NA,48,74
"4634",40.74693,-121.272,"Susanville",1.6,140,98
"2272",34.4336,-114.8385,"Needles",NA,57,95
"3850",34.0467,-116.6582,"San Bernardino",NA,83,100
"1777",35.7644,-115.8761,"Kingman",NA,27,97
"3577",34.2954,-116.0508,"San Bernardino",NA,26,28
"426",36.71682,-116.8676,"Death Valley",19.2,51,61
"4781",41.55872,-122.25576,"Weed",1.9,62,87
"2033",34.7449,-115.6544,"Needles",NA,28,54
"5036",40.74602,-123.48588,"Redding",3.6,61,144
"2758",34.9711,-116.9,"San Bernardino",NA,15,500
"508",35.40885,-116.58356,"Trona",4.2,24,87
"3832",34.2366,-116.7476,"San Bernardino",NA,74,79
"4900",38.65579,-122.80919,"Santa Rosa",3.6,85,65
"2736",34.9466,-117.133,"San Bernardino",NA,8,340
"4999",40.13247,-123.41532,"Redding",4.2,35,89
"1771",35.8467,-115.9048,"Kingman",NA,42,42
"4419",41.93397,-120.75599,"Alturas",2.1,18,35
"3776",34.2392,-116.788,"San Bernardino",NA,37,93
"4256",41.1744,-120.2061,"Alturas",NA,75,130
"3239",34.4743,-117.7865,"San Bernardino",NA,65,73
"2588",34.1027,-114.6552,"Needles",NA,42,56
"143",33.81349,-116.52653,"Santa Ana",1.2,39,101
"4137",37.67044,-121.09415,"San Jose",5.2,47,79
"4722",39.61015,-121.89287,"Chico",6.1,126,78
"2236",34.4018,-115.2536,"Needles",NA,27,44
"1019",38.433,-119.748,"Walker Lake",5,171,104
"370",35.18329,-116.38678,"Trona",5.8,14,40
"1018",36.1967,-121.5985,"Monterey",2.1,51,115
"771",34.11811,-115.08429,"Needles",2.4,14,41
"2149",34.6485,-114.7072,"Needles",NA,38,87
"1908",34.9864,-115.4922,"Needles",NA,26,44
"3039",34.5623,-117.2201,"San Bernardino",NA,40,63
"2126",34.7077,-114.6117,"Needles",NA,120,100
"2788",34.9729,-116.7581,"San Bernardino",NA,40,75
"3863",34.059,-116.5997,"San Bernardino",NA,90,110
"2762",34.8168,-116.9042,"San Bernardino",NA,65,84
"2105",34.5458,-114.8863,"Needles",NA,36,64
"4795",41.89531,-123.04763,"Weed",5.5,90,64
"3063",34.6217,-116.8789,"San Bernardino",NA,110,83
"1857",34.9042,-115.9281,"Needles",NA,24,42
"301",33.02089,-114.58458,"Salton Sea",13.2,39,85
"2769",34.7564,-116.8904,"San Bernardino",NA,44,38
"939",35.6239,-117.4432,"Trona",17.4,31,71
"876",35.5723,-119.8492,"Bakersfield",9.2,43,59
"1142",36.4884,-120.1927,"Monterey",10.8,80,98
"81",33.78405,-117.47804,"Santa Ana",14.6,27,74
"3921",37.60588,-120.61154,"San Jose",1.4,28,50
"5080",41.28439,-123.56875,"Weed",7.6,312,94
"2445",34.1714,-115.5611,"Needles",NA,45,53
"4386",39.39165,-121.41119,"Chico",7.1,31,43
"2577",34.0448,-114.5159,"Needles",NA,53,63
"349",34.70817,-114.51595,"Needles",4.7,71,84
"1504",35.2688,-115.8181,"Kingman",NA,45,74
"2066",34.7179,-115.1024,"Needles",NA,18,45
"5039",40.8098,-123.11948,"Redding",16.7,157,184
"173",37.61387,-122.41453,"San Francisco",3.2,225,49
"595",37.44104,-118.1535,"Mariposa",5.5,23,42
"5033",40.84908,-123.92892,"Redding",3.7,135,61
"340",34.49047,-117.28284,"San Bernardino",2.1,43,67
"4373",39.31704,-122.72494,"Ukiah",11.5,151,133
"3339",34.3155,-117.2693,"San Bernardino",NA,11,64
"1491",35.416,-115.936,"Kingman",NA,66,120
"5119",41.75914,-123.74949,"Weed",2.1,2050,137
"4485",39.11005,-120.1929,"Chico",3,47,136
"4600",40.89266,-121.24536,"Susanville",2.7,70,79
"3879",34.208,-116.2889,"San Bernardino",NA,51,70
"5109",41.53394,-123.84936,"Weed",10.4,140,88
"1779",35.7722,-115.845,"Kingman",NA,33,52
"4044",35.73337,-119.25629,"Bakersfield",4.4,40,60
"507",34.10747,-117.12082,"San Bernardino",-0.6,35,134
"629",36.69363,-119.16178,"Fresno",3.5,32,79
"4354",41.8522,-120.048,"Alturas",NA,48,71
"3533",34.3349,-116.4055,"San Bernardino",NA,54,72
"191",37.54529,-121.91792,"San Jose",8.1,65,69
"3948",35.92639,-119.17247,"Bakersfield",4.4,52,90
"3685",34.0505,-117.2872,"San Bernardino",NA,50,73
"1563",35.6186,-115.813,"Kingman",NA,34,62
"1729",35.0909,-115.79,"Kingman",NA,23,54
"648",36.08182,-121.04502,"Monterey",13,67,100
"3076",34.6822,-116.7596,"San Bernardino",NA,49,59
"4817",41.59216,-122.54381,"Weed",4.2,61,82
"63",32.64387,-117.05485,"San Diego",2.2,25,38
"251",37.23597,-121.26809,"San Jose",9.4,124,79
"1509",35.4751,-115.7953,"Kingman",NA,49,60
"4513",41.40124,-121.60908,"Alturas",4.5,94,105
"3629",34.1427,-117.5143,"San Bernardino",1.4,120,190
"4901",38.74138,-122.51371,"Santa Rosa",8.5,343,105
"4153",36.31251,-120.02851,"Monterey",9.9,140,72
"1095",36.4881,-121.2223,"Monterey",41.5,26,109
"4787",42.00511,-122.18672,"Medford",2.3,141,89
"1592",35.6203,-115.4762,"Kingman",NA,29,37
"2813",34.7675,-116.7112,"San Bernardino",NA,42,51
"3263",34.4035,-117.5588,"San Bernardino",NA,60,73
"2681",34.7845,-117.6638,"San Bernardino",NA,26,64
"646",36.628,-121.42576,"Monterey",3.5,47,102
"5014",40.40168,-123.74576,"Redding",5.5,193,102
"901",35.3449,-117.8064,"Trona",23.1,32,69
"3048",34.683,-116.9056,"San Bernardino",NA,77,71
"3262",34.4035,-117.6031,"San Bernardino",NA,79,76
"3357",34.4923,-117.2194,"San Bernardino",NA,33,48
"3463",34.291,-116.5846,"San Bernardino",NA,67,78
"4218",37.90205,-121.37436,"San Jose",9,83,71
"347",34.89522,-117.43865,"San Bernardino",4.7,28,43
"3386",34.3797,-117.0102,"San Bernardino",NA,53,140
"885",35.2931,-119.128,"Bakersfield",10.3,26,85
"2814",34.7675,-116.7112,"San Bernardino",NA,52,68
"1206",35.0441,-120.3027,"San Luis Obispo",4.4,36,49
"532",35.9045,-117.59463,"Trona",2.5,18,73
"4294",41.598,-120.0388,"Alturas",NA,32,80
"3676",34.1607,-117.7015,"San Bernardino",NA,76,110
"1150",38.7019,-120.455,"Sacramento",2.8,73,109
"2671",34.9192,-117.5203,"San Bernardino",NA,34,60
"1244",36.2679,-119.2248,"Fresno",6.4,43,107
"3428",34.3706,-116.7956,"San Bernardino",NA,55,110
"2616",34.0943,-114.4542,"Needles",NA,76,64
"3013",34.6268,-117.1306,"San Bernardino",NA,62,87
"3922",37.91099,-120.78532,"San Jose",2,67,73
"638",35.39511,-119.94041,"Bakersfield",10.5,81,96
"1175",38.5154,-121.8345,"Sacramento",9,104,71
"4400",41.33658,-120.03362,"Alturas",6.4,53,95
"4407",41.89086,-120.26924,"Alturas",3.3,7,76
"692",35.98704,-118.33544,"Bakersfield",0.7,22,110
"1287",36.6177,-119.2031,"Fresno",3.6,26,86
"707",36.26189,-121.77605,"Monterey",3,95,158
"968",33.8403,-114.5955,"Salton Sea",5,12,56
"1916",34.8251,-115.0621,"Needles",NA,38,110
"828",35.8747,-118.4255,"Bakersfield",13.9,15,98
"4068",36.27464,-119.23546,"Fresno",4.2,45,110
"2823",34.7503,-116.334,"San Bernardino",NA,62,57
"2834",34.8825,-116.4853,"San Bernardino",NA,41,43
"151",34.93097,-118.60677,"Los Angeles",4.6,26,151
"379",36.21886,-117.93005,"Death Valley",12.4,10,31
"3926",37.40543,-120.80368,"San Jose",2.3,11,68
"3538",34.2613,-116.448,"San Bernardino",NA,65,140
"4546",40.79454,-120.02938,"Susanville",1.8,84,79
"3480",34.3466,-116.6343,"San Bernardino",NA,70,81
"4174",35.75341,-119.19627,"Bakersfield",6.1,51,99
"4242",37.4622,-120.44037,"San Jose",2.7,NA,NA
"1067",38.1326,-119.0441,"Walker Lake",4.4,-2,55
"1136",36.1382,-120.1023,"Monterey",9.8,67,82
"880",35.1455,-119.7226,"Bakersfield",5.9,37,71
"1776",35.7646,-115.9015,"Kingman",NA,50,110
"4374",39.35107,-122.49187,"Ukiah",10.8,23,64
"1390",35.4818,-115.8371,"Kingman",NA,70,62
"3041",34.5194,-117.218,"San Bernardino",NA,60,100
"5157",39.95419,-123.28484,"Ukiah",6.9,158,98
"855",35.0008,-118.8457,"Bakersfield",3.5,47,148
"2654",34.9758,-117.6672,"San Bernardino",NA,21,36
"1093",36.9625,-121.8079,"Monterey",7.7,97,91
"578",35.22261,-118.47013,"Bakersfield",NA,NA,NA
"4840",40.9534,-122.7151,"Redding",6,176,171
"3934",35.68693,-119.69113,"Bakersfield",4.7,58,53
"4975",39.22486,-121.7854,"Chico",12.3,183,73
"3261",34.4329,-117.5318,"San Bernardino",NA,56,76
"3411",34.3388,-116.9126,"San Bernardino",NA,16,27
"3788",34.1493,-116.8337,"San Bernardino",NA,27,120
"1058",36.9833,-121.5101,"Monterey",3.8,151,105
"4950",39.00689,-123.68821,"Ukiah",7.7,73,85
"4774",41.83171,-121.99151,"Alturas",1.4,48,81
"3657",34.0738,-117.7104,"San Bernardino",NA,63,270
"2803",34.8395,-116.5286,"San Bernardino",NA,7,33
"2139",34.6722,-114.7045,"Needles",NA,14,91
"2724",34.9358,-117.0634,"San Bernardino",NA,53,88
"4789",41.96472,-122.25115,"Weed",5.6,76,82
"1585",35.5825,-115.6403,"Kingman",NA,31,61
"291",33.08525,-114.91894,"Salton Sea",13.6,19,45
"285",34.96781,-117.18869,"San Bernardino",5.5,26,45
"497",35.02931,-117.38547,"Trona",8.9,26,57
"3102",34.6607,-116.5956,"San Bernardino",NA,48,81
"1382",35.112,-114.9964,"Kingman",5.6,31,57
"4618",40.05438,-121.01733,"Susanville",52.5,77,250
"4159",36.19508,-119.4738,"Fresno",3.9,40,74
"3034",34.5275,-117.1322,"San Bernardino",NA,47,62
"4454",41.79831,-121.17649,"Alturas",3.4,105,99
"2477",34.0705,-115.3108,"Needles",NA,23,57
"625",37.00624,-119.21828,"Mariposa",1.1,27,112
"4675",40.90216,-121.02271,"Susanville",6.3,313,152
"3847",34.0817,-116.5868,"San Bernardino",NA,150,110
"3607",34.0223,-117.9397,"San Bernardino",NA,39,84
"3315",34.439,-117.2575,"San Bernardino",NA,49,76
"3356",34.4944,-117.1722,"San Bernardino",NA,52,87
"89",33.23421,-116.32798,"Santa Ana",3.8,31,106
"3335",34.366,-117.294,"San Bernardino",NA,27,45
"2026",34.5604,-115.6785,"Needles",NA,48,70
"4215",36.29886,-119.6911,"Fresno",5.8,75,79
"4270",41.083,-120.2455,"Alturas",NA,100,110
"1815",34.7798,-115.6316,"Needles",NA,25,61
"211",37.26679,-122.33455,"San Francisco",3.6,17,36
"1600",35.0725,-114.7517,"Kingman",NA,87,130
"1608",35.2098,-115.0258,"Kingman",NA,61,81
"95",34.81531,-118.78591,"Los Angeles",98.4,58,203
"3561",34.4444,-116.108,"San Bernardino",NA,51,61
"4762",39.62505,-122.16058,"Ukiah",7.1,173,100
"3359",34.2739,-117.0548,"San Bernardino",NA,9,76
"493",37.01275,-118.93316,"Mariposa",1.9,10,55
"3145",34.7189,-116.296,"San Bernardino",NA,58,76
"274",32.98416,-115.19943,"El Centro",3.3,5,26
"718",36.38946,-121.86925,"Monterey",1.3,56,150
"5083",41.18306,-123.36527,"Weed",10.4,83,145
"402",35.18035,-117.03798,"Trona",3.9,14,53
"682",36.38922,-121.04758,"Monterey",2.4,55,71
"2485",34.0923,-115.4884,"Needles",NA,34,78
"5005",40.21339,-123.78733,"Redding",7,97,80
"4071",35.5296,-119.79668,"Bakersfield",14,90,75
"4853",38.19981,-122.07997,"Santa Rosa",16.6,131,93
"5145",39.26932,-122.27384,"Ukiah",10,80,74
"4564",40.61889,-120.62613,"Susanville",3.2,142,146
"2025",34.5882,-115.5573,"Needles",NA,39,39
"29",34.84903,-118.37009,"Los Angeles",12,64,79
"4164",35.1793,-119.35607,"Bakersfield",11,41,45
"4768",39.80283,-122.28607,"Ukiah",5.5,117,62
"2751",34.7808,-117.1712,"San Bernardino",NA,81,77
"131",33.35516,-116.74213,"Santa Ana",1.3,35,133
"1955",34.8867,-114.9169,"Needles",NA,70,81
"619",37.57499,-119.16424,"Mariposa",4,30,76
"109",33.18245,-117.25096,"Santa Ana",4.9,78,97
"3222",34.557,-116.1824,"San Bernardino",7.4,140,93
"183",34.28644,-119.32084,"Los Angeles",5.9,17,42
"932",35.5929,-117.6854,"Trona",3.5,38,67
"4029",35.5248,-119.21785,"Bakersfield",3.9,46,63
"4462",41.90808,-121.64474,"Alturas",3.7,44,58
"4405",40.97809,-120.11334,"Susanville",4.2,18,59
"3512",34.4372,-116.328,"San Bernardino",NA,22,31
"1461",35.2151,-115.1905,"Kingman",NA,25,93
"4744",39.08165,-122.47473,"Ukiah",13.3,89,97
"3710",34.1123,-117.4787,"San Bernardino",NA,66,130
"2845",34.9077,-116.3281,"San Bernardino",NA,13,43
"39",32.75738,-116.98465,"San Diego",4.2,45,127
"463",34.33408,-117.07543,"San Bernardino",0.8,33,34
"5000",40.13247,-123.41532,"Redding",3.7,61,93
"2651",34.9171,-117.6408,"San Bernardino",NA,11,19
"1438",35.2919,-115.0865,"Kingman",NA,62,84
"3563",34.4398,-116.1321,"San Bernardino",NA,89,71
"1219",36.1092,-119.3929,"Fresno",4.1,44,101
"502",35.665,-118.8446,"Bakersfield",3.3,43,73
"2473",34.0916,-115.4009,"Needles",NA,21,51
"3841",34.1148,-116.5403,"San Bernardino",NA,51,100
"1220",36.0493,-119.7316,"Fresno",6.2,63,97
"4776",41.78347,-122.10597,"Weed",1.2,97,115
"2334",34.2867,-114.6243,"Needles",4.5,64,95
"890",35.8765,-116.4803,"Trona",11.2,18,92
"3426",34.2715,-116.7898,"San Bernardino",NA,55,76
"1005",33.0898,-115.4379,"Salton Sea",4.7,14,46
"4650",40.22899,-121.79738,"Susanville",5.1,171,102
"4540",39.59491,-121.08775,"Chico",1.1,2510,76
"1232",35.798,-120.2869,"San Luis Obispo",1.6,210,82
"688",35.54024,-121.02435,"San Luis Obispo",4.9,235,53
"2271",34.4483,-114.8319,"Needles",NA,26,160
"562",37.15635,-119.2231,"Mariposa",1.3,12,61
"3537",34.2613,-116.448,"San Bernardino",NA,51,100
"2536",34.0207,-114.9236,"Needles",NA,41,56
"249",37.84003,-122.03936,"San Francisco",3.3,26,37
"98",33.92327,-117.24324,"Santa Ana",1.5,11,65
"4054",36.14981,-119.3711,"Fresno",4.7,48,88
"3694",34.2376,-117.287,"San Bernardino",NA,34,110
"75",33.30722,-116.19669,"Santa Ana",2.5,57,86
"4639",40.68233,-121.34596,"Susanville",5,157,99
"2419",34.0622,-115.745,"Needles",NA,45,55
"3885",34.0869,-116.4334,"San Bernardino",NA,63,110
"2481",34.1158,-115.3535,"Needles",NA,23,50
"4287",41.7211,-120.3286,"Alturas",NA,66,120
"4512",41.40124,-121.60908,"Alturas",3.4,106,117
"2006",34.6867,-115.8906,"Needles",NA,36,43
"2217",34.4165,-115.6075,"Needles",NA,56,42
"636",36.73746,-121.70479,"Monterey",7,56,44
"229",37.9603,-121.86264,"San Jose",8.3,31,42
"2737",34.9466,-117.133,"San Bernardino",NA,25,390
"1473",35.0807,-115.1825,"Kingman",NA,39,53
"1936",34.8033,-114.885,"Needles",NA,79,67
"3238",34.4732,-117.8225,"San Bernardino",NA,59,81
"4682",40.56782,-122.1336,"Redding",6.7,25,56
"2000",34.6753,-115.7909,"Needles",NA,49,56
"1768",35.928,-115.9214,"Kingman",NA,35,55
"4938",38.91018,-123.30526,"Santa Rosa",5.3,69,112
"2665",34.8438,-117.524,"San Bernardino",NA,67,61
"1452",35.41,-115.4626,"Kingman",NA,63,130
"1866",34.7569,-115.6907,"Needles",NA,33,72
"3600",34.1073,-117.9426,"San Bernardino",7.7,67,250
"2406",34.0543,-115.7609,"Needles",NA,62,73
"2614",34.1184,-114.4537,"Needles",NA,67,59
"4741",39.02021,-122.14355,"Ukiah",6.7,303,69
"4416",41.80362,-120.47984,"Alturas",4.6,75,96
"240",37.83946,-121.72588,"San Jose",8.1,47,68
"3087",34.5297,-116.7625,"San Bernardino",NA,58,89
"3744",34.0478,-117.244,"San Bernardino",NA,69,150
"1023",36.6477,-120.1511,"Monterey",2.2,19,49
"3354",34.4304,-117.1724,"San Bernardino",NA,48,100
"2895",34.6003,-117.7533,"San Bernardino",NA,48,62
"3328",34.3282,-117.4389,"San Bernardino",NA,30,36
"2137",34.6691,-114.6485,"Needles",NA,48,130
"2321",34.4739,-114.5379,"Needles",NA,120,97
"3183",34.6159,-116.4294,"San Bernardino",NA,58,90
"2211",34.3113,-115.7031,"Needles",NA,40,76
"250",34.44487,-119.53799,"Los Angeles",6.9,80,81
"889",35.6726,-116.8571,"Trona",7.1,44,71
"3158",34.6846,-116.4323,"San Bernardino",NA,60,210
"1403",35.468,-115.4879,"Kingman",NA,61,82
"1802",34.9948,-115.6794,"Needles",NA,42,100
"1655",35.0345,-115.3633,"Kingman",NA,49,71
"555",34.54024,-116.19566,"San Bernardino",5.8,59,72
"2470",34.1091,-115.4721,"Needles",NA,37,60
"16",33.9379,-115.97038,"Salton Sea",2.2,48,114
"620",36.1135,-118.90879,"Fresno",1.1,44,77
"5007",40.2154,-123.641,"Redding",8.2,158,104
"3887",34.1189,-116.483,"San Bernardino",NA,7,54
"2465",34.0858,-115.5438,"Needles",NA,47,59
"1730",35.0854,-115.7791,"Kingman",NA,29,46
"3566",34.4904,-116.172,"San Bernardino",NA,96,83
"2403",34.1229,-115.9866,"Needles",NA,120,59
"3981",36.22651,-119.60547,"Fresno",4,55,80
"2363",34.3358,-114.3176,"Needles",NA,63,82
"806",33.26269,-115.92141,"Salton Sea",2.7,3,26
"4894",38.5972,-122.993,"Santa Rosa",6.7,60,89
"1260",36.3343,-119.2726,"Fresno",5,37,146
"1781",35.7396,-115.8289,"Kingman",NA,33,56
"647",35.13776,-119.93845,"Bakersfield",6.7,29,46
"2336",34.2898,-114.5619,"Needles",NA,57,88
"4596",40.62349,-121.0347,"Susanville",3.5,112,125
"750",34.66926,-115.9344,"Needles",3.4,24,54
"210",34.46501,-118.71774,"Los Angeles",3.3,13,31
"653",35.26327,-120.88671,"San Luis Obispo",6.6,80,72
"1383",35.1968,-115.4281,"Kingman",NA,13,66
"2222",34.3562,-115.5358,"Needles",NA,92,63
"53",37.66777,-119.5182,"Mariposa",2.9,10,56
"2996",34.6987,-117.053,"San Bernardino",NA,16,73
"1374",34.9828,-117.864,"San Bernardino",8.2,20,71
"427",35.47599,-116.17586,"Trona",4.9,20,40
"4700",40.4247,-123.08669,"Redding",1.8,44,106
"4089",36.80765,-120.51201,"Monterey",12,120,110
"4047",37.58663,-120.75125,"San Jose",3.7,19,83
"3072",34.7213,-116.7888,"San Bernardino",NA,52,53
"1107",36.5939,-121.9293,"Monterey",-0.6,7,4
"5102",41.32079,-122.5586,"Weed",4.9,1210,115
"516",36.05465,-118.71664,"Fresno",1.7,23,84
"3595",34.1461,-117.7551,"San Bernardino",NA,91,110
"1798",34.8475,-115.7847,"Needles",NA,34,56
"4077",36.63411,-120.44306,"Monterey",8.9,110,93
"3852",34.0423,-116.6986,"San Bernardino",NA,120,120
"4833",40.82545,-122.66688,"Redding",10.8,100,148
"2393",34.0461,-115.8742,"Needles",NA,170,89
"4492",39.61927,-120.16463,"Chico",3.5,32,134
"1434",35.3375,-115.179,"Kingman",NA,100,100
"2281",34.4822,-114.9331,"Needles",NA,49,87
"2051",34.5116,-115.2573,"Needles",NA,42,59
"3143",34.6936,-116.3188,"San Bernardino",10,100,82
"1455",35.2907,-115.3724,"Kingman",NA,24,89
"198",34.12661,-118.85424,"Los Angeles",9.7,42,97
"2266",34.4296,-115.2231,"Needles",4.3,42,68
"5072",41.14435,-123.8508,"Weed",8.3,67,93
"4924",39.09103,-122.75072,"Ukiah",8.7,34,75
"4902",38.74138,-122.51371,"Santa Rosa",6.7,348,87
"3369",34.335,-117.0161,"San Bernardino",NA,100,63
"189",37.08988,-121.71953,"San Jose",4.3,405,99
"4438",39.30008,-120.92636,"Chico",4.2,57,165
"4681",40.56782,-122.1336,"Redding",6.1,21,58
"3466",34.2769,-116.6382,"San Bernardino",NA,140,57
"137",33.01242,-116.16747,"Santa Ana",5.8,19,52
"4531",39.16433,-120.39532,"Chico",6.9,43,105
"2649",34.9131,-117.7129,"San Bernardino",NA,37,43
"315",35.77581,-115.89518,"Kingman",3.9,23,240
"3839",34.2394,-116.5226,"San Bernardino",NA,34,100
"4120",36.97003,-119.81786,"Fresno",1.8,80,140
"3681",34.175,-117.3261,"San Bernardino",NA,66,100
"3050",34.6841,-116.9781,"San Bernardino",NA,66,92
"5136",41.12686,-123.13338,"Weed",3.3,122,70
"3028",34.5681,-117.0508,"San Bernardino",NA,61,99
"799",34.72687,-115.66594,"Needles",4.6,33,78
"4431",41.05306,-120.69138,"Alturas",1.8,70,124
"611",35.47204,-118.83037,"Bakersfield",3.8,37,89
"4507",40.91969,-121.49175,"Susanville",2.4,40,102
"2471",34.1028,-115.4495,"Needles",NA,31,59
"3001",34.6296,-117.0177,"San Bernardino",NA,52,69
"1047",37.112,-117.6482,"Goldfield",9.8,13,38
"1872",34.8175,-115.7287,"Needles",NA,24,58
"4058",36.89995,-120.55094,"Monterey",10,140,120
"2017",34.6081,-115.951,"Needles",NA,59,57
"534",35.6437,-117.27775,"Trona",22.1,6,40
"4233",37.98536,-121.59943,"San Jose",3.3,56,48
"3355",34.4633,-117.1723,"San Bernardino",NA,62,88
"5050",38.67802,-122.03326,"Santa Rosa",7.1,101,66
"1130",36.5247,-117.688,"Death Valley",10.9,34,104
"3842",34.1221,-116.5884,"San Bernardino",NA,74,72
"2167",34.7376,-114.6393,"Needles",NA,120,110
"3691",34.1522,-117.3102,"San Bernardino",NA,190,100
"4646",40.20837,-121.77615,"Susanville",4.7,160,136
"683",36.0458,-120.66005,"Monterey",4.9,41,41
"3175",34.6181,-116.3308,"San Bernardino",NA,18,41
"4572",40.79487,-120.85546,"Susanville",2.6,111,110
"861",35.5733,-118.1983,"Bakersfield",3.6,16,131
"4701",40.4247,-123.08669,"Redding",2.5,64,107
"981",33.1934,-115.9418,"Salton Sea",8.7,12,45
"1464",35.2109,-115.095,"Kingman",NA,140,130
"3331",34.3627,-117.3573,"San Bernardino",NA,44,47
"950",35.7197,-116.227,"Trona",8.1,24,52
"4290",41.5608,-120.318,"Alturas",NA,150,230
"2168",34.7126,-114.6325,"Needles",NA,110,98
"4396",39.52231,-120.87185,"Chico",7.4,42,142
"4166",36.33347,-119.20935,"Fresno",11,51,100
"3385",34.2788,-117.2258,"San Bernardino",NA,13,56
"1228",35.2977,-120.4837,"San Luis Obispo",2.9,10,48
"2570",34.1578,-114.8531,"Needles",NA,49,59
"1933",34.7939,-115.0212,"Needles",NA,30,74
"2930",34.7261,-117.5566,"San Bernardino",NA,35,60
"5021",40.45986,-123.35313,"Redding",2.2,603,148
"2041",34.7471,-115.3244,"Needles",3.9,75,100
"4563",40.61889,-120.62613,"Susanville",4.4,123,93
"2180",34.2985,-115.977,"Needles",3.1,43,72
"1568",35.6913,-115.7777,"Kingman",NA,26,51
"254",37.79066,-121.80817,"San Jose",5.9,56,56
"375",37.46224,-117.94693,"Goldfield",1.6,14,68
"3064",34.5887,-116.8734,"San Bernardino",NA,75,83
"2368",34.255,-114.3063,"Needles",NA,97,68
"2127",34.686,-114.6141,"Needles",NA,53,89
"3007",34.7181,-117.2488,"San Bernardino",NA,34,91
"2362",34.3304,-114.2883,"Needles",NA,69,120
"2513",34.1225,-115.2476,"Needles",NA,26,47
"2527",34.187,-115.1593,"Needles",NA,35,64
"3845",34.1078,-116.6307,"San Bernardino",NA,61,83
"2106",34.5622,-114.8999,"Needles",NA,48,72
"2607",34.207,-114.3974,"Needles",NA,76,120
"2055",34.667,-115.4773,"Needles",NA,39,56
"596",37.92011,-118.46151,"Mariposa",5.3,10,66
"3412",34.3035,-116.8684,"San Bernardino",NA,27,90
"2349",34.371,-114.4845,"Needles",NA,170,94
"4689",40.17502,-122.42368,"Redding",3.3,103,75
"2957",34.6033,-117.6837,"San Bernardino",NA,44,48
"4713",39.74545,-121.81345,"Chico",5.5,211,85
"3668",34.078,-117.6315,"San Bernardino",NA,67,160
"1352",33.1692,-115.6333,"Salton Sea",5.9,8,61
"3544",34.3328,-116.48,"San Bernardino",NA,55,94
"2397",34.0823,-115.8715,"Needles",NA,100,78
"776",34.4387,-115.55487,"Needles",3.3,14,33
"3721",34.2358,-117.4402,"San Bernardino",NA,49,89
"4257",41.185,-120.1655,"Alturas",NA,56,120
"2064",34.6937,-115.1475,"Needles",NA,31,49
"2760",34.8153,-116.9862,"San Bernardino",NA,53,71
"4994",41.87321,-124.02862,"Eureka",1.4,289,36
"2594",34.018,-114.6667,"Needles",NA,59,67
"3768",34.1934,-117.1762,"San Bernardino",NA,NA,NA
"5077",41.01262,-122.53049,"Weed",5.8,2410,126
"4394",39.49272,-120.96035,"Chico",10.4,51,117
"2330",34.2591,-114.5844,"Needles",NA,51,86
"3368",34.3111,-117.0813,"San Bernardino",NA,75,20
"4081",35.91241,-119.35265,"Bakersfield",7.2,48,94
"1419",35.202,-114.9876,"Kingman",NA,83,91
"1923",34.8943,-115.1715,"Needles",NA,36,46
"4647",40.20837,-121.77615,"Susanville",4.6,210,132
"4897",38.65569,-122.80907,"Santa Rosa",4.2,123,73
"4132",35.44618,-119.01484,"Bakersfield",6.5,34,64
"725",35.34164,-120.23035,"San Luis Obispo",2.2,30,54
"13",32.8928,-114.64728,"El Centro",4.3,10,36
"4602",40.98486,-121.07098,"Susanville",2.7,140,108
"2781",34.9236,-116.7806,"San Bernardino",NA,28,170
"1361",33.0891,-115.8112,"Salton Sea",4.5,8,42
"4262",41.0252,-120.0116,"Alturas",NA,35,97
"2182",34.3047,-115.908,"Needles",NA,54,70
"4687",40.01866,-122.53448,"Redding",10.3,79,81
"144",33.61978,-117.06982,"Santa Ana",1.7,91,67
"2244",34.2522,-115.4284,"Needles",NA,28,38
"4467",41.94166,-121.46609,"Alturas",4.6,42,66
"1909",34.8842,-115.4845,"Needles",NA,33,43
"4048",35.84819,-119.04651,"Bakersfield",4,47,73
"3973",35.17331,-119.05711,"Bakersfield",5,31,76
"224",37.06291,-121.18001,"San Jose",4.8,77,52
"1884",34.783,-115.5757,"Needles",NA,31,53
"4091",36.72656,-120.44137,"Monterey",9.4,100,79
"3609",34.0474,-117.9066,"San Bernardino",NA,45,69
"3083",34.5547,-116.7878,"San Bernardino",NA,52,79
"938",35.3819,-116.8017,"Trona",4.5,28,62
"813",33.11926,-115.45873,"Salton Sea",2.7,12,31
"574",37.8043,-118.44818,"Mariposa",10.2,9,75
"865",35.8619,-119.6213,"Bakersfield",5.1,8,61
"4990",41.60988,-124.0957,"Eureka",8.2,98,111
"1757",35.6743,-115.6232,"Kingman",NA,43,63
"985",33.0266,-114.5244,"Salton Sea",2.4,3,21
"4268",41.0638,-120.2369,"Alturas",NA,75,90
"2369",34.2556,-114.3885,"Needles",NA,75,80
"470",34.45679,-116.44415,"San Bernardino",2,36,72
"3409",34.3691,-116.9463,"San Bernardino",NA,22,85
"3584",34.0492,-117.8272,"San Bernardino",NA,67,130
"4690",40.17502,-122.42368,"Redding",4.4,137,70
"3181",34.5499,-116.3371,"San Bernardino",NA,50,160
"4511",41.33362,-121.54009,"Alturas",2.6,63,136
"2117",34.6703,-114.8857,"Needles",NA,59,66
"261",34.99121,-120.19031,"Santa Maria",7.7,38,74
"3631",34.1434,-117.5966,"San Bernardino",NA,140,200
"4923",39.18499,-123.02761,"Ukiah",7.7,119,168
"116",33.27163,-116.94334,"Santa Ana",1.6,20,78
"327",33.12694,-115.94643,"Salton Sea",3.3,5,33
"2918",34.6285,-117.8972,"San Bernardino",NA,57,61
"1809",34.9701,-115.6128,"Needles",NA,32,140
"545",37.52252,-119.63461,"Mariposa",1.8,15,76
"410",35.06173,-116.29314,"Trona",3.7,15,29
"774",34.6203,-115.01866,"Needles",9.1,38,67
"391",36.19863,-116.58715,"Death Valley",4.4,26,79
"2303",34.3345,-114.6537,"Needles",NA,53,60
"2731",34.8185,-117.0518,"San Bernardino",NA,54,61
"3635",34.0826,-117.557,"San Bernardino",NA,57,120
"4829",40.95261,-122.40752,"Redding",8.2,53,111
"3255",34.4918,-117.6058,"San Bernardino",NA,120,110
"2107",34.5749,-114.9184,"Needles",4.9,53,80
"4678",40.80294,-121.98023,"Susanville",7.5,67,78
"1277",35.9172,-120.2523,"San Luis Obispo",4.5,37,39
"1417",35.2318,-114.9891,"Kingman",NA,41,140
"2686",34.7521,-117.6321,"San Bernardino",NA,50,77
"320",34.6352,-116.58769,"San Bernardino",8.6,21,55
"2650",34.9106,-117.6727,"San Bernardino",NA,38,46
"5067",39.83237,-123.58553,"Ukiah",5.7,134,85
"2452",34.1998,-115.616,"Needles",NA,39,47
"1911",34.9306,-115.0698,"Needles",NA,49,52
"2003",34.7096,-115.8237,"Needles",NA,54,61
"3241",34.4195,-117.7983,"San Bernardino",NA,93,110
"3931",35.74635,-119.39991,"Bakersfield",20,53,71
"2366",34.2833,-114.2808,"Needles",NA,59,110
"2517",34.0422,-115.1912,"Needles",NA,42,57
"1125",38.6399,-121.7748,"Sacramento",8.5,136,75
"3997",36.91679,-119.84595,"Fresno",1.9,24,52
"4145",35.19108,-119.16336,"Bakersfield",8.1,38,73
"3986",36.0921,-119.85189,"Fresno",8.3,87,110
"2173",34.7195,-114.7404,"Needles",NA,69,110
"3531",34.3947,-116.4015,"San Bernardino",NA,46,53
"1629",35.1295,-115.2571,"Kingman",NA,93,77
"3920",36.30266,-119.85127,"Fresno",4.9,50,67
"444",35.18941,-115.58791,"Kingman",4.3,36,64
"5122",41.92976,-123.64384,"Weed",0.8,1550,100
"2054",34.6602,-115.4537,"Needles",NA,72,68
"2251",34.308,-115.146,"Needles",NA,45,55
"3497",34.4603,-116.6378,"San Bernardino",NA,44,65
"4142",37.27132,-120.90343,"San Jose",11,71,59
"3278",34.4897,-117.6775,"San Bernardino",NA,73,88
"2876",34.7768,-116.0981,"San Bernardino",NA,88,73
"4976",39.22486,-121.7854,"Chico",11.2,156,69
"2254",34.361,-115.166,"Needles",NA,39,55
"4655",38.46895,-122.14149,"Santa Rosa",12.1,82,124
"1963",34.9053,-114.8204,"Needles",NA,57,88
"2317",34.32,-114.5467,"Needles",NA,61,71
"1773",35.7877,-115.9588,"Kingman",NA,17,92
"710",36.6731,-121.09781,"Monterey",8.9,184,81
"1769",35.9644,-115.962,"Kingman",NA,29,45
"1876",34.9698,-115.5029,"Needles",NA,25,74
"3528",34.4716,-116.3899,"San Bernardino",NA,36,35
"2826",34.8421,-116.4192,"San Bernardino",NA,44,60
"4236",36.19443,-119.47323,"Fresno",3.8,40,70
"3398",34.2737,-116.9398,"San Bernardino",NA,88,84
"1420",35.0919,-114.9815,"Kingman",NA,42,61
"3812",34.0437,-116.8367,"San Bernardino",NA,92,89
"2987",34.6902,-117.4777,"San Bernardino",4.4,69,90
"5090",41.2435,-122.64415,"Weed",9.9,1410,96
"2379",34.3082,-114.2136,"Needles",NA,87,270
"3942",36.85081,-119.79757,"Fresno",2.1,28,46
"616",36.89379,-119.21926,"Fresno",-0.6,17,98
"448",35.21204,-117.97346,"Trona",7.4,18,78
"4580",40.33953,-120.91409,"Susanville",7.7,91,98
"2748",34.7823,-117.1332,"San Bernardino",NA,55,75
"5130",41.15903,-124.09254,"Eureka",6.1,243,105
"3640",34.0884,-117.5919,"San Bernardino",NA,65,120
"454",34.52836,-115.11287,"Needles",2.1,12,77
"2514",34.1452,-115.2362,"Needles",3.9,32,53
"2268",34.4961,-115.2064,"Needles",NA,32,69
"645",35.82332,-118.11361,"Bakersfield",1,75,90
"2529",34.0114,-114.8763,"Needles",3.7,42,40
"3150",34.6572,-116.4333,"San Bernardino",NA,67,86
"902",35.5497,-117.8978,"Trona",1.9,5,50
"3242",34.4097,-117.8212,"San Bernardino",NA,160,100
"2091",34.5015,-115.0617,"Needles",NA,41,63
"2883",34.8116,-116.1007,"San Bernardino",NA,94,86
"4060",36.66763,-120.29536,"Monterey",4.6,61,51
"3891",34.2135,-116.3563,"San Bernardino",NA,71,110
"4770",39.80268,-122.28629,"Ukiah",4.9,132,65
"3043",34.5434,-117.2287,"San Bernardino",NA,49,100
"2755",34.9531,-116.8942,"San Bernardino",NA,49,590
"4761",39.62502,-122.16058,"Ukiah",6.1,179,94
"2344",34.4097,-114.4361,"Needles",NA,92,75
"2795",34.9658,-116.6323,"San Bernardino",NA,36,67
"4309",41.5641,-120.1847,"Alturas",NA,42,68
"1966",34.752,-114.6654,"Needles",NA,93,86
"3341",34.3063,-117.3311,"San Bernardino",NA,48,120
"5053",39.35823,-123.75027,"Ukiah",1.1,37,6
"1044",36.432,-117.3915,"Death Valley",7.5,31,207
"589",35.21982,-118.8498,"Bakersfield",27.2,39,100
"2935",34.6603,-117.5611,"San Bernardino",NA,68,84
"3893",34.1465,-116.3974,"San Bernardino",NA,46,82
"2714",34.8403,-117.2568,"San Bernardino",NA,100,77
"903",35.1614,-116.1082,"Trona",7.8,11,61
"3200",34.6548,-116.0232,"San Bernardino",NA,85,71
"1653",35.0433,-115.4135,"Kingman",NA,32,87
"4301",41.8569,-120.0772,"Alturas",NA,67,64
"4831",40.70315,-122.41777,"Redding",11.7,116,108
"2656",34.8784,-117.6286,"San Bernardino",NA,40,49
"4202",35.19214,-118.93216,"Bakersfield",NA,40,67
"1803",34.9969,-115.6213,"Needles",NA,39,60
"2274",34.4596,-114.7848,"Needles",NA,52,77
"2231",34.3452,-115.3429,"Needles",NA,34,42
"4581",40.33639,-120.8253,"Susanville",3.1,88,148
"2354",34.3376,-114.4275,"Needles",NA,98,98
"1533",35.178,-115.5142,"Kingman",NA,57,63
"4364",39.77955,-122.6769,"Ukiah",5.4,123,154
"4825",41.12353,-122.29441,"Weed",4,120,82
"2014",34.7408,-115.7816,"Needles",NA,44,72
"1917",34.8278,-115.0301,"Needles",NA,46,280
"5069",39.82642,-123.33563,"Ukiah",7.6,95,104
"469",35.93185,-116.57482,"Trona",8.8,24,76
"5084",41.26474,-123.14793,"Weed",11.5,129,96
"1436",35.3013,-115.2271,"Kingman",NA,160,110
"217",34.47192,-120.32094,"Santa Maria",14.8,129,111
"3485",34.3668,-116.5594,"San Bernardino",NA,57,80
"2179",34.524,-114.4736,"Needles",NA,58,59
"3337",34.3592,-117.2502,"San Bernardino",NA,38,72
"3642",34.2107,-117.5128,"San Bernardino",NA,28,110
"812",33.9317,-115.05559,"Salton Sea",2.8,9,49
"4818",41.59216,-122.54381,"Weed",4.9,52,82
"4022",35.56458,-119.55236,"Bakersfield",6.8,55,88
"398",35.02861,-117.70202,"Trona",12.2,19,35
"3761",34.1081,-117.2075,"San Bernardino",NA,33,110
"2956",34.5926,-117.6394,"San Bernardino",NA,130,66
"2057",34.5739,-115.4801,"Needles",NA,38,79
"2269",34.4865,-114.763,"Needles",NA,61,98
"1202",36.6706,-118.2241,"Fresno",1.6,12,79
"4466",41.94166,-121.46609,"Alturas",4.3,44,72
"2965",34.5625,-117.2815,"San Bernardino",NA,41,100
"4548",40.95787,-120.51076,"Susanville",2.3,31,83
"4440",39.3091,-120.62985,"Chico",3.3,17,63
"2868",34.9047,-116.1542,"San Bernardino",NA,47,82
"1362",33.4125,-114.8128,"Salton Sea",5.8,11,56
"44",36.45284,-117.08674,"Death Valley",19.5,35,81
"235",37.37773,-121.28495,"San Jose",13.6,51,87
"2648",34.9443,-117.7164,"San Bernardino",NA,29,42
"3947",36.71439,-119.74744,"Fresno",2.5,120,75
"1824",34.9334,-115.9951,"Needles",NA,41,64
"1897",34.9155,-115.4567,"Needles",NA,28,48
"4750",39.1645,-122.39627,"Ukiah",6.9,142,105
"1000",33.8729,-115.6469,"Salton Sea",3.7,33,82
"732",36.96321,-120.90238,"Monterey",7.7,39,56
"2858",34.9359,-116.4506,"San Bernardino",NA,42,51
"879",35.0352,-119.7619,"Bakersfield",8.9,35,74
"4651",40.22899,-121.79738,"Susanville",5.2,179,87
"3574",34.3343,-116.0565,"San Bernardino",NA,91,85
"1499",35.3755,-115.7571,"Kingman",NA,63,80
"3655",34.108,-117.7474,"San Bernardino",NA,68,170
"651",36.96823,-121.8588,"Monterey",2.5,188,73
"4805",41.50933,-122.92703,"Weed",1.3,189,84
"3449",34.2763,-116.7491,"San Bernardino",NA,73,100
"1049",38.4952,-120.8275,"Sacramento",2.8,105,68
"572",37.74139,-118.2301,"Mariposa",28.7,38,205
"2841",34.9281,-116.3903,"San Bernardino",NA,55,58
"192",37.0774,-121.9384,"San Jose",3.1,109,79
"1022",36.5151,-120.4249,"Monterey",10.1,61,99
"3167",34.5882,-116.4732,"San Bernardino",NA,63,68
"521",35.57579,-116.46925,"Trona",5.1,14,120
"2218",34.2605,-115.5585,"Needles",NA,43,68
"2688",34.7878,-117.5958,"San Bernardino",NA,58,63
"5057",39.54678,-123.66384,"Ukiah",5.7,97,85
"323",35.44997,-115.33401,"Kingman",4.1,14,56
"2286",34.3749,-114.7575,"Needles",NA,100,110
"4827",40.94114,-122.52238,"Redding",14.1,85,294
"4240",35.0715,-118.9475,"Bakersfield",12,97,72
"884",35.2933,-119.9659,"Bakersfield",7,75,101
"4803",41.62068,-123.0023,"Weed",4,1740,132
"5128",40.99429,-124.11881,"Eureka",4.9,93,43
"1405",35.4794,-115.4612,"Kingman",NA,62,85
"1605",35.174,-114.9872,"Kingman",4.3,61,77
"1920",34.8886,-115.0293,"Needles",NA,57,120
"777",34.57852,-115.76638,"Needles",4.1,40,66
"1336",37.0143,-119.0787,"Mariposa",3.4,23,100
"531",37.91938,-119.35474,"Mariposa",2.4,7,37
"1056",38.1892,-118.9346,"Walker Lake",3.9,24,83
"3103",34.6824,-116.6287,"San Bernardino",NA,98,65
"2203",34.4642,-115.9756,"Needles",NA,47,50
"209",34.30347,-118.70444,"Los Angeles",3,6,28
"4837",40.67906,-122.81152,"Redding",1.8,121,103
"3936",37.04055,-120.66166,"San Jose",6.3,53,55
"941",35.8403,-117.1815,"Trona",8,42,67
"3990",36.52583,-119.94445,"Fresno",1.9,25,110
"593",37.82783,-118.7666,"Mariposa",4.5,6,43
"1077",36.5158,-117.8549,"Death Valley",29.4,12,103
"514",35.83891,-118.71955,"Bakersfield",7.9,22,91
"3476",34.3205,-116.5574,"San Bernardino",NA,49,120
"1122",38.5114,-121.2684,"Sacramento",11.7,107,98
"3983",36.61826,-119.89641,"Fresno",1.7,21,37
"1618",35.3982,-115.8658,"Kingman",NA,93,140
"831",35.1492,-119.8456,"Bakersfield",2,12,19
"3909",34.2056,-116.2466,"San Bernardino",NA,53,71
"3846",34.0798,-116.6274,"San Bernardino",NA,120,110
"4010",36.70935,-120.04949,"Monterey",3.6,31,51
"3624",34.2049,-117.9406,"San Bernardino",NA,90,110
"2353",34.3113,-114.4663,"Needles",NA,63,73
"1137",36.1544,-117.5895,"Death Valley",6.3,20,86
"2037",34.6885,-115.5719,"Needles",NA,42,58
"1640",35.1836,-115.3867,"Kingman",NA,83,100
"849",35.5746,-118.5064,"Bakersfield",21.6,13,120
"544",36.09319,-117.75781,"Death Valley",13.3,24,61
"4530",39.18123,-120.58161,"Chico",16.5,23,70
"2316",34.3384,-114.5659,"Needles",NA,83,79
"1893",34.9984,-115.3882,"Needles",NA,29,51
"3583",34.0419,-117.8599,"San Bernardino",NA,88,160
"4346",41.4644,-120.2872,"Alturas",NA,260,180
"4369",39.77528,-122.38016,"Ukiah",3.3,52,47
"4171",37.06821,-120.21828,"San Jose",3.4,62,65
"1036",38.8019,-121.4238,"Sacramento",2,33,36
"956",35.8613,-117.9832,"Trona",2.4,19,95
"2318",34.2977,-114.524,"Needles",NA,48,86
"4738",39.10849,-121.82416,"Chico",12.4,109,116
"3677",NA,NA,"San Bernardino",NA,170,190
"4119",36.7762,-119.54047,"Fresno",5.1,400,99
"1218",36.0154,-119.8962,"Fresno",10.5,69,99
"3265",34.2563,-117.5531,"San Bernardino",NA,72,94
"309",34.16614,-115.62103,"Needles",2.7,18,51
"917",35.6217,-117.3652,"Trona",30,11,49
"276",34.54944,-120.07659,"Santa Maria",8.5,30,85
"3107",34.5939,-116.7158,"San Bernardino",NA,54,81
"1719",35.0261,-115.9926,"Kingman",NA,24,45
"397",36.20179,-116.76632,"Death Valley",38,49,100
"4245",41.5633,-120.2691,"Alturas",NA,25,110
"4542",39.82288,-120.93698,"Chico",4.9,35,98
"3177",34.5972,-116.3398,"San Bernardino",NA,60,65
"3750",34.0516,-117.0979,"San Bernardino",NA,54,57
"4497",39.67603,-120.62404,"Chico",3.4,187,74
"5030",41.69754,-123.90406,"Weed",11.9,812,117
"2863",34.8501,-116.1369,"San Bernardino",NA,52,60
"4859",38.12925,-122.45464,"Santa Rosa",10.7,165,103
"4928",39.06278,-122.71184,"Ukiah",17.9,101,108
"3071",34.7173,-116.8325,"San Bernardino",NA,150,90
"4567",40.83354,-120.64574,"Susanville",1.7,86,72
"2772",34.7874,-116.8555,"San Bernardino",NA,42,110
"4784",41.82579,-122.29039,"Weed",6.6,130,132
"4337",41.9166,-120.1055,"Alturas",NA,37,110
"3142",34.6936,-116.3188,"San Bernardino",NA,29,39
"768",34.28899,-114.91215,"Needles",3.3,29,86
"1413",35.2822,-115.4133,"Kingman",4.3,36,120
"105",34.01019,-118.21825,"Los Angeles",2.2,38,125
"221",37.45314,-121.28287,"San Jose",16,90,98
"2816",34.7536,-116.4078,"San Bernardino",NA,90,74
"452",34.41322,-116.41918,"San Bernardino",2.7,86,73
"4876",38.44702,-122.9224,"Santa Rosa",6.4,757,87
"987",38.0294,-120.1971,"Sacramento",2.8,50,98
"22",34.32008,-118.33013,"Los Angeles",2,55,75
"3542",34.3044,-116.4288,"San Bernardino",NA,58,75
"4905",39.56387,-121.82911,"Chico",7.3,182,196
"3652",34.0489,-117.6731,"San Bernardino",NA,70,180
"1788",35.8426,-115.8562,"Kingman",NA,50,47
"3914",34.2051,-116.0527,"San Bernardino",NA,44,78
"3717",34.0215,-117.4776,"San Bernardino",NA,84,160
"3447",34.4988,-116.7922,"San Bernardino",NA,46,72
"4013",37.0974,-120.42704,"San Jose",4.1,72,85
"3545",34.3582,-116.494,"San Bernardino",NA,69,72
"3982",36.55868,-119.34044,"Fresno",2.9,52,99
"4104",37.7626,-120.7819,"San Jose",2.1,77,82
"2191",34.361,-115.8428,"Needles",NA,29,45
"4612",39.65014,-120.31139,"Chico",4.4,97,142
"1312",37.0564,-119.2443,"Mariposa",2.4,18,79
"1508",35.4735,-115.8206,"Kingman",NA,41,64
"287",33.69017,-115.69511,"Salton Sea",3.2,19,89
"3114",34.5593,-116.5562,"San Bernardino",NA,48,68
"4669",41.10319,-121.98014,"Alturas",6.8,16,154
"3148",34.522,-116.2975,"San Bernardino",NA,130,82
"1009",33.7736,-115.1719,"Salton Sea",4.5,13,46
"2230",34.3569,-115.3297,"Needles",NA,32,42
"4555",40.58527,-120.24409,"Susanville",5.1,110,79
"1425",35.0515,-114.9409,"Kingman",NA,54,110
"4691",40.159,-122.75296,"Redding",2.3,942,54
"4434",41.41892,-120.60849,"Alturas",2.4,39,105
"3704",34.204,-117.4445,"San Bernardino",NA,47,70
"602",37.6417,-118.92619,"Mariposa",5.3,83,135
"1855",34.8571,-115.8237,"Needles",NA,20,39
"5020",40.45368,-123.6943,"Redding",12.7,52,59
"3627",34.2181,-117.897,"San Bernardino",NA,150,90
"4359",38.86449,-122.02722,"Santa Rosa",6.2,70,62
"3274",34.3327,-117.5278,"San Bernardino",NA,23,49
"1256",35.0222,-120.6073,"San Luis Obispo",14.7,23,73
"2853",34.7951,-116.2581,"San Bernardino",NA,200,69
"3474",34.3361,-116.5152,"San Bernardino",NA,41,82
"483",34.18571,-117.14115,"San Bernardino",5.6,8,58
"1902",34.7752,-115.4532,"Needles",NA,51,49
"4972",39.13038,-123.18126,"Ukiah",9.6,55,109
"4115",37.81536,-120.94276,"San Jose",2.5,41,61
"479",34.23569,-117.78764,"San Bernardino",5.5,62,90
"1943",34.88,-114.7961,"Needles",NA,61,97
"247",34.92016,-119.78018,"Los Angeles",25.8,20,54
"4920",38.961,-123.05326,"Santa Rosa",4,94,66
"3101",34.6516,-116.5635,"San Bernardino",NA,58,83
"49",36.66052,-117.04459,"Death Valley",13.5,15,52
"3396",34.4923,-117.0235,"San Bernardino",NA,53,99
"4913",38.88714,-122.51225,"Santa Rosa",6.1,106,186
"1511",35.3602,-115.9478,"Kingman",NA,87,72
"305",33.68949,-115.41666,"Salton Sea",2.5,24,68
"1925",34.806,-115.1086,"Needles",NA,60,160
"2606",34.2362,-114.3808,"Needles",NA,53,78
"3189",34.6373,-116.2693,"San Bernardino",NA,93,78
"1235",36.3588,-119.8494,"Fresno",3.3,53,78
"3079",34.5891,-116.8301,"San Bernardino",NA,44,98
"4987",40.75861,-124.02677,"Eureka",2.8,172,142
"738",38.0169,-121.94419,"Sacramento",5.1,41,66
"3509",34.468,-116.327,"San Bernardino",NA,55,51
"1118",36.138,-121.5858,"Monterey",7,70,75
"900",35.338,-116.399,"Trona",7.9,34,62
"2242",34.2671,-115.4658,"Needles",NA,48,69
"2311",34.2672,-114.6502,"Needles",NA,38,53
"1659",35.0268,-115.3251,"Kingman",NA,40,53
"614",37.16754,-118.52984,"Mariposa",18.9,49,86
"3092",34.7415,-116.6654,"San Bernardino",NA,52,69
"3927",36.27532,-119.09307,"Fresno",1.8,770,59
"1123",38.4187,-119.4248,"Walker Lake",42.3,15,71
"4790",41.92173,-122.59328,"Weed",7.1,93,80
"2937",34.6561,-117.5218,"San Bernardino",NA,71,80
"1484",35.0099,-114.932,"Kingman",NA,63,110
"4659",38.78829,-122.29528,"Santa Rosa",9.2,95,95
"1905",34.9467,-115.4444,"Needles",NA,52,62
"3524",34.492,-116.4833,"San Bernardino",NA,50,69
"3670",34.2456,-117.6098,"San Bernardino",NA,90,110
"1892",34.9649,-115.3999,"Needles",NA,24,44
"528",36.01009,-117.85154,"Death Valley",2.8,27,63
"2848",34.9363,-116.2936,"San Bernardino",NA,52,52
"5046",40.88083,-123.14629,"Redding",24.5,186,100
"1631",35.1802,-115.2725,"Kingman",NA,47,85
"2653",34.9375,-117.6787,"San Bernardino",NA,34,51
"1875",34.879,-115.6764,"Needles",2.9,36,72
"1263",36.7227,-118.1749,"Fresno",3.5,3,74
"277",34.20843,-114.78924,"Needles",6.1,32,206
"2125",34.7239,-114.6063,"Needles",NA,110,120
"3641",34.1139,-117.5914,"San Bernardino",NA,120,160
"3728",34.2373,-117.1717,"San Bernardino",NA,120,90
"3170",34.6151,-116.4618,"San Bernardino",NA,27,43
"2676",34.8158,-117.7465,"San Bernardino",NA,42,82
"5132",40.32823,-123.8424,"Redding",5.4,83,84
"1534",35.1828,-115.5382,"Kingman",NA,51,76
"1724",35.1693,-115.8723,"Kingman",NA,24,40
"4725",39.60449,-121.68897,"Chico",1.9,108,75
"4093",36.80568,-119.94349,"Fresno",3.4,36,65
"3757",34.1039,-117.0946,"San Bernardino",NA,94,110
"338",33.7809,-115.41697,"Salton Sea",2.3,33,74
"4258",41.1483,-120.0538,"Alturas",NA,48,72
"3113",34.5568,-116.5099,"San Bernardino",NA,55,60
"3912",34.2022,-116.2113,"San Bernardino",NA,48,97
"924",35.1294,-116.5187,"Trona",6.9,20,54
"2192",34.3499,-115.8274,"Needles",NA,26,73
"382",35.45595,-117.96874,"Trona",2.5,23,55
"106",34.93001,-118.94512,"Los Angeles",3.5,13,41
"3094",34.7194,-116.7019,"San Bernardino",NA,61,47
"5098",41.3337,-123.15946,"Weed",2.2,71,114
"3208",34.6284,-116.1777,"San Bernardino",NA,39,99
"374",35.53853,-116.65034,"Trona",5,34,68
"3470",34.3017,-116.5152,"San Bernardino",NA,52,100
"2030",34.5914,-115.6459,"Needles",NA,43,52
"4207",36.27084,-120.07192,"Monterey",NA,150,71
"1786",35.8434,-115.8418,"Kingman",NA,36,52
"2239",34.3096,-115.4647,"Needles",NA,36,42
"537",36.98567,-117.60808,"Death Valley",43,24,52
"1255",35.0913,-120.1153,"San Luis Obispo",9.5,19,66
"3096",34.683,-116.7172,"San Bernardino",NA,100,53
"1750",35.6446,-115.5453,"Kingman",NA,18,30
"501",35.36365,-117.69804,"Trona",28.4,77,90
"3310",34.4345,-117.325,"San Bernardino",NA,40,50
"1846",34.7827,-115.8627,"Needles",NA,44,62
"2181",34.3023,-115.9524,"Needles",NA,48,74
"3228",34.59,-116.153,"San Bernardino",NA,67,91
"5110",41.52489,-123.64494,"Weed",5,151,116
"4783",41.5191,-122.18337,"Weed",2.4,204,100
"4133",37.31165,-120.66701,"San Jose",1.8,16,58
"3888",34.1035,-116.4447,"San Bernardino",NA,120,88
"1480",35.1252,-115.0356,"Kingman",NA,34,48
"3292",34.3709,-117.6802,"San Bernardino",NA,130,91
"4896",38.73908,-122.84632,"Santa Rosa",9.8,191,106
"1208",35.2781,-120.3013,"San Luis Obispo",5.2,10,63
"4387",39.68279,-121.45207,"Chico",-0.6,181,89
"2212",34.341,-115.7136,"Needles",NA,38,72
"1211",35.1877,-120.809,"San Luis Obispo",4,44,98
"3800",34.2117,-116.9791,"San Bernardino",NA,12,71
"4019",35.82376,-119.82618,"Bakersfield",5,99,44
"716",36.34206,-121.58283,"Monterey",1.8,85,85
"2313",34.3272,-114.6082,"Needles",NA,53,63
"2358",34.3584,-114.2898,"Needles",NA,51,72
"3940",37.59336,-120.64647,"San Jose",3,20,41
"3235",34.5027,-116.0591,"San Bernardino",NA,170,100
"2563",34.1449,-114.7514,"Needles",2.7,77,79
"559",35.30459,-118.14196,"Bakersfield",5.2,28,139
"4666",41.26391,-121.76888,"Alturas",1.3,69,130
"3180",34.5627,-116.3701,"San Bernardino",NA,61,53
"365",35.01415,-117.59982,"Trona",11.7,9,43
"3614",34.2179,-117.7573,"San Bernardino",NA,53,92
"2624",34.2436,-114.2209,"Needles",NA,48,200
"3349",34.4638,-117.1365,"San Bernardino",NA,62,90
"4479",39.20154,-120.89916,"Chico",19.7,27,17
"2299",34.274,-114.9773,"Needles",NA,50,76
"4214",36.54571,-120.29569,"Monterey",11,170,85
"1082",36.1398,-116.3984,"Death Valley",7.6,86,72
"406",35.34795,-117.45765,"Trona",11,15,52
"2247",34.3256,-115.224,"Needles",NA,36,41
"4570",40.89063,-120.70561,"Susanville",2.5,88,109
"1250",36.2322,-119.474,"Fresno",3.5,22,87
"3027",34.5624,-117.0176,"San Bernardino",NA,54,100
"2596",34.2357,-114.6426,"Needles",NA,52,56
"3209",34.6265,-116.1497,"San Bernardino",NA,98,140
"3550",34.3987,-116.1753,"San Bernardino",NA,61,47
"1012",38.4707,-120.0282,"Sacramento",6.3,62,103
"2908",34.6611,-117.7886,"San Bernardino",NA,54,70
"3951",37.23701,-120.14031,"San Jose",6.5,61,47
"1291",37.2869,-119.5813,"Mariposa",3.3,38,81
"58",36.28617,-118.30189,"Fresno",2.3,34,78
"4727",39.14416,-121.68897,"Chico",6.6,156,86
"2864",34.8795,-116.1426,"San Bernardino",NA,67,86
"396",35.90929,-117.05863,"Trona",3.9,63,78
"1068",38.3728,-121.452,"Sacramento",3.7,53,73
"2457",34.1103,-115.5522,"Needles",NA,38,55
"2116",34.7066,-114.9096,"Needles",NA,81,80
"3688",34.0501,-117.3255,"San Bernardino",NA,44,110
"1371",34.3711,-116.3715,"San Bernardino",2.3,23,59
"827",35.2877,-118.7375,"Bakersfield",4.4,15,124
"533",35.68218,-117.58554,"Trona",5,29,55
"4050",35.82784,-119.20368,"Bakersfield",17,48,120
"3857",34.0082,-116.627,"San Bernardino",NA,63,99
"4506",40.91969,-121.49175,"Susanville",2.7,92,102
"1756",35.6916,-115.6373,"Kingman",NA,50,72
"1387",35.3153,-115.8625,"Kingman",NA,35,50
"1251",36.919,-119.1822,"Fresno",1.6,110,80
"4854",38.02651,-122.18451,"Santa Rosa",15.2,54,124
"5031",40.7489,-123.97593,"Redding",5.6,83,110
"1329",37.1254,-118.4083,"Mariposa",1.1,23,57
"1126",36.8907,-120.6529,"Monterey",7.7,42,43
"2423",34.0091,-115.7192,"Needles",3.5,50,53
"3762",34.1085,-117.249,"San Bernardino",NA,37,140
"326",35.69243,-115.62226,"Kingman",17.5,18,56
"3395",34.49,-117.0962,"San Bernardino",NA,55,86
"1370",34.2362,-116.439,"San Bernardino",6,17,85
"3491",34.4008,-116.7132,"San Bernardino",NA,53,81
"1672",35.4377,-115.668,"Kingman",6.3,45,48
"4915",38.86451,-122.67117,"Santa Rosa",5.7,180,89
"278",34.07818,-115.34405,"Needles",2.1,9,53
"1463",35.2245,-115.154,"Kingman",NA,39,63
"429",36.37348,-117.28243,"Death Valley",10.3,42,46
"1982",34.8516,-114.7014,"Needles",NA,79,63
"4483",39.38575,-120.1517,"Chico",4,14,127
"3715",34.0144,-117.403,"San Bernardino",NA,120,88
"1328",37.8153,-118.5451,"Mariposa",3.1,9,57
"3777",34.2141,-116.8208,"San Bernardino",NA,31,150
"4101",37.68793,-120.47831,"San Jose",1.7,77,71
"146",32.91069,-115.87905,"El Centro",4.9,12,35
"1748",35.6259,-115.4971,"Kingman",NA,11,18
"1853",34.774,-115.7603,"Needles",NA,40,62
"3950",37.97919,-120.99703,"San Jose",2.5,64,61
"1745",35.788,-115.9964,"Kingman",NA,33,430
"739",35.88755,-121.25073,"San Luis Obispo",4.7,73,71
"4106",35.24173,-118.88552,"Bakersfield",9.7,42,83
"2561",34.1981,-114.7742,"Needles",NA,27,100
"5060",39.65344,-123.74349,"Ukiah",3,77,94
"3667",34.0406,-117.6273,"San Bernardino",NA,61,110
"3069",34.6659,-116.8781,"San Bernardino",NA,96,96
"2824",34.8381,-116.367,"San Bernardino",NA,69,72
"2065",34.7064,-115.1352,"Needles",NA,20,42
"1622",35.0659,-114.7344,"Kingman",NA,56,120
"3954",35.59377,-119.14979,"Bakersfield",5.1,51,97
"3793",34.1094,-116.9727,"San Bernardino",NA,840,88
"3316",34.3979,-117.2637,"San Bernardino",NA,42,65
"2265",34.4196,-115.2391,"Needles",NA,33,56
"573",37.55712,-118.41616,"Mariposa",5.2,11,62
"2959",34.5937,-117.7079,"San Bernardino",NA,49,69
"171",37.71083,-120.21741,"San Jose",42.2,89,86
"1163",38.8307,-120.0162,"Sacramento",21.8,16,95
"1298",37.8783,-119.8339,"Mariposa",4.9,21,73
"624",36.60213,-119.20983,"Fresno",3.2,46,85
"2609",34.2431,-114.4581,"Needles",NA,69,64
"814",33.57452,-115.2231,"Salton Sea",3.1,53,99
"1826",34.9732,-115.9555,"Needles",NA,44,75
"3376",34.3577,-117.1802,"San Bernardino",NA,110,100
"1483",35.0384,-114.9094,"Kingman",NA,67,110
"41",36.77151,-117.23473,"Death Valley",7.4,11,54
"4952",39.07223,-123.43222,"Ukiah",7.8,19,84
"4822",40.81266,-122.30068,"Redding",8,27,114
"1266",36.232,-118.0578,"Fresno",3.1,9,92
"4397",39.52231,-120.87185,"Chico",8.7,50,147
"2290",34.4361,-114.9296,"Needles",NA,65,110
"615",37.4244,-118.8583,"Mariposa",4.1,5,53
"4821",40.60378,-122.22199,"Redding",7.6,26,74
"1187",35.29,-120.6918,"San Luis Obispo",5,103,62
"937",35.4814,-117.6472,"Trona",11.1,22,56
"2360",34.3386,-114.2548,"Needles",NA,48,110
"3375",34.3655,-117.2158,"San Bernardino",NA,24,91
"4384",39.4603,-121.46483,"Chico",4.9,164,55
"4409",41.82317,-120.07545,"Alturas",8.2,55,77
"31",33.58716,-117.71548,"Santa Ana",1.7,16,25
"4198",36.11261,-119.26843,"Fresno",NA,55,79
"1246",35.8866,-121.2745,"San Luis Obispo",6.3,71,81
"3299",34.398,-117.3673,"San Bernardino",NA,52,53
"3073",34.7231,-116.7596,"San Bernardino",NA,130,77
"2079",34.6387,-115.2113,"Needles",NA,31,48
"3182",34.6159,-116.4294,"San Bernardino",NA,21,62
"2657",34.9764,-117.5121,"San Bernardino",15.3,30,27
"1576",35.7198,-115.8358,"Kingman",NA,36,49
"2934",34.6901,-117.5948,"San Bernardino",NA,76,90
"3139",34.7088,-116.4728,"San Bernardino",NA,50,91
"3046",34.7126,-116.9506,"San Bernardino",NA,33,100
"4273",41.9849,-120.2791,"Alturas",NA,38,110
"485",36.91938,-118.82384,"Fresno",3.5,11,83
"4014",37.02891,-120.38126,"San Jose",2.9,64,81
"1626",35.0175,-114.7028,"Kingman",NA,63,100
"927",35.8462,-117.9403,"Trona",1.9,31,120
"2163",34.6128,-114.5227,"Needles",NA,110,81
"5024",40.6722,-123.992,"Redding",2.8,113,52
"3454",34.2651,-116.6566,"San Bernardino",NA,69,62
"2194",34.3247,-115.8357,"Needles",NA,32,65
"1259",36.8763,-119.3445,"Fresno",1.4,253,72
"1185",35.9193,-121.4656,"San Luis Obispo",11.8,142,64
"736",34.6851,-114.78619,"Needles",9.2,35,121
"4107",36.72617,-120.16061,"Monterey",3.9,31,41
"3529",34.4514,-116.3756,"San Bernardino",NA,16,23
"715",36.43703,-121.71202,"Monterey",1,47,99
"4333",41.8222,-120.1736,"Alturas",NA,190,64
"873",35.2888,-119.2698,"Bakersfield",29.4,24,92
"4272",41.9877,-120.2447,"Alturas",NA,8,100
"1493",35.4489,-115.9874,"Kingman",NA,38,76
"2491",34.0385,-115.3219,"Needles",NA,34,72
"1148",36.0923,-120.2877,"Monterey",8.1,70,67
"2629",34.9723,-117.9883,"San Bernardino",NA,12,30
"4370",39.86439,-122.35544,"Ukiah",2.5,94,36
"2830",34.8643,-116.4305,"San Bernardino",NA,35,83
"2519",34.0411,-115.2156,"Needles",NA,33,52
"2070",34.681,-115.1059,"Needles",NA,33,82
"3961",37.56249,-120.71961,"San Jose",5.1,28,42
"3350",34.4333,-117.1362,"San Bernardino",NA,54,87
"1716",35.1045,-115.8896,"Kingman",NA,27,39
"4035",36.01154,-119.08669,"Fresno",2.5,38,92
"2301",34.3429,-114.7328,"Needles",NA,110,88
"5091",41.2435,-122.64415,"Weed",6.3,726,77
"3638",34.0195,-117.5928,"San Bernardino",NA,42,110
"825",35.2888,-118.1991,"Bakersfield",12.2,25,73
"3628",34.1827,-117.7965,"San Bernardino",NA,82,110
"2988",34.6902,-117.4777,"San Bernardino",NA,93,88
"2056",34.5626,-115.4949,"Needles",NA,35,92
"1048",38.8954,-121.9007,"Sacramento",8.6,76,101
"4034",36.12282,-120.1534,"Monterey",7.3,120,66
"1867",34.757,-115.7202,"Needles",NA,20,50
"1025",38.6083,-119.9256,"Walker Lake",3.2,2,105
"1453",35.3885,-115.4762,"Kingman",NA,150,140
"5140",41.74018,-123.88142,"Weed",1.1,263,47
"845",35.0179,-119.2404,"Bakersfield",4.4,23,48
"2741",34.8409,-117.205,"San Bernardino",NA,83,45
"3568",34.4928,-116.1975,"San Bernardino",NA,97,86
"1678",35.464,-115.6819,"Kingman",NA,34,79
"584",37.57116,-119.94061,"Mariposa",18.7,39,98
"1356",33.31,-115.5552,"Salton Sea",8.9,10,46
"817",35.7182,-119.3112,"Bakersfield",5.7,38,49
"741",34.02872,-114.62154,"Needles",3.9,13,57
"1010",38.3424,-120.8844,"Sacramento",26.3,100,159
"2644",34.7557,-117.871,"San Bernardino",NA,48,73
"3168",34.5905,-116.4424,"San Bernardino",NA,19,39
"783",34.93202,-115.86759,"Needles",3.5,16,49
"2227",34.4114,-115.5636,"Needles",NA,59,40
"4556",40.59343,-120.1807,"Susanville",2.4,51,73
"1215",35.9247,-121.1317,"San Luis Obispo",0.9,16,33
"367",35.78734,-117.90677,"Trona",3.1,15,77
"2229",34.3803,-115.3102,"Needles",NA,30,53
"4197",35.50635,-119.46484,"Bakersfield",NA,57,96
"989",33.6608,-114.7276,"Salton Sea",3.9,5,36
"4662",40.38075,-121.61936,"Susanville",1.3,120,109
"107",34.90978,-118.22432,"Los Angeles",10.8,35,82
"3108",34.5953,-116.6352,"San Bernardino",NA,52,120
"2377",34.2851,-114.1743,"Needles",NA,59,87
"339",34.78445,-114.60392,"Needles",5.6,60,115
"3433",34.4319,-116.7882,"San Bernardino",NA,47,58
"2589",34.0938,-114.6393,"Needles",NA,45,55
"1649",35.102,-115.4201,"Kingman",NA,31,84
"1691",35.0983,-115.712,"Kingman",NA,28,49
"4027",36.31472,-119.58099,"Fresno",5,65,78
"460",34.30034,-117.83186,"San Bernardino",2,25,98
"4932",38.61558,-123.28463,"Santa Rosa",2.6,52,49
"1683",35.4012,-115.629,"Kingman",NA,30,53
"4149",37.6447,-121.10123,"San Jose",4.4,44,76
"4944",38.95231,-123.33165,"Santa Rosa",4.8,134,63
"392",35.89536,-117.21974,"Trona",9.5,31,50
"1662",35.1731,-115.3419,"Kingman",NA,56,100
"4843",40.57283,-123.05081,"Redding",10.7,248,105
"1021",36.735,-120.1483,"Monterey",4.5,18,36
"3905",34.1489,-116.1288,"San Bernardino",1.5,36,65
"2466",34.0753,-115.5677,"Needles",NA,45,58
"134",35.34169,-117.04129,"Trona",10.3,25,60
"4144",37.98545,-121.10247,"San Jose",16,140,92
"3835",34.2358,-116.6324,"San Bernardino",NA,38,66
"2733",34.8204,-117.0217,"San Bernardino",10.3,47,80
"432",34.15041,-115.965,"Needles",1.9,33,46
"1552",35.5856,-115.8444,"Kingman",NA,51,67
"2172",34.7177,-114.7212,"Needles",8.5,81,130
"4658",38.78829,-122.29528,"Santa Rosa",10.5,109,100
"3024",34.592,-117.0473,"San Bernardino",3.7,57,80
"4372",39.54045,-122.65565,"Ukiah",8.1,55,115
"4446",41.27437,-120.86297,"Alturas",1.4,99,99
"1674",35.4751,-115.5462,"Kingman",NA,67,74
"2872",34.7772,-116.2151,"San Bernardino",NA,150,74
"3895",34.239,-116.4806,"San Bernardino",NA,36,69
"797",34.36678,-115.94893,"Needles",4.1,26,48
"2628",34.9425,-117.9013,"San Bernardino",NA,38,120
"1643",35.1879,-115.4382,"Kingman",NA,56,96
"1747",35.6501,-115.4867,"Kingman",NA,28,42
"3663",34.2024,-117.676,"San Bernardino",NA,36,98
"610",37.45829,-118.32268,"Mariposa",18.3,30,92
"1147",36.1633,-117.3865,"Death Valley",11.5,30,136
"1873",34.8212,-115.6476,"Needles",NA,21,47
"3612",34.1995,-117.8253,"San Bernardino",NA,78,120
"1307",37.287,-119.227,"Mariposa",7.2,11,60
"4780",41.55872,-122.25576,"Weed",2.2,41,73
"3965",35.43999,-119.72408,"Bakersfield",5.7,61,67
"4108",36.18232,-119.97519,"Fresno",10,160,92
"4327",41.7794,-120.1816,"Alturas",NA,30,70
"3806",34.077,-116.8718,"San Bernardino",NA,85,86
"1346",37.9912,-119.1429,"Mariposa",15,29,102
"4569",40.89063,-120.70561,"Susanville",2.5,62,113
"4614",39.94438,-120.70539,"Chico",3.6,88,155
"4819",40.73776,-122.12525,"Redding",4.7,121,90
"3487",34.3643,-116.7007,"San Bernardino",NA,91,76
"2997",34.6987,-117.053,"San Bernardino",NA,51,90
"775",33.81366,-115.00351,"Salton Sea",3.8,32,56
"1816",34.7919,-115.6121,"Needles",NA,22,68
"2809",34.8042,-116.6668,"San Bernardino",NA,13,210
"1155",38.2247,-121.3119,"Sacramento",10.5,43,40
"66",36.94361,-117.39643,"Death Valley",12.6,24,41
"1227",35.0431,-120.4469,"San Luis Obispo",4.3,72,69
"2875",34.7551,-116.1017,"San Bernardino",NA,56,52
"1072",36.3953,-120.3732,"Monterey",8.5,21,59
"3944",36.59564,-120.10342,"Monterey",2.5,45,74
"2472",34.0957,-115.4248,"Needles",NA,35,75
"300",35.29544,-115.17503,"Kingman",7.3,38,72
"1682",35.4757,-115.5991,"Kingman",12.4,48,79
"1793",34.7553,-114.8342,"Needles",NA,50,72
"800",34.17522,-115.28244,"Needles",2.6,6,29
"2489",34.0727,-115.432,"Needles",NA,47,87
"2582",34.0222,-114.6108,"Needles",NA,40,68
"3737",34.0815,-117.1718,"San Bernardino",2.1,84,240
"3633",34.1409,-117.5578,"San Bernardino",NA,61,130
"3608",34.017,-117.9064,"San Bernardino",NA,37,70
"1929",34.7712,-115.1842,"Needles",NA,47,68
"2373",34.0204,-114.5242,"Needles",NA,57,61
"4356",41.5408,-120.0127,"Alturas",NA,46,66
"145",33.6646,-117.39581,"Santa Ana",3,46,90
"1636",35.2151,-115.3794,"Kingman",NA,37,140
"3417",34.3267,-116.9836,"San Bernardino",2.4,76,100
"164",33.76299,-118.02254,"Long Beach",6.2,44,256
"4389",39.78918,-121.42009,"Chico",4.8,536,103
"4172",36.62767,-119.77251,"Fresno",1.9,24,39
"1069",38.9261,-121.2266,"Sacramento",4.6,69,121
"188",34.34597,-118.91734,"Los Angeles",4,10,47
"2562",34.1981,-114.7742,"Needles",NA,49,110
"2476",34.0755,-115.3293,"Needles",NA,30,52
"1635",35.2377,-115.3845,"Kingman",NA,24,91
"260",32.98214,-115.42312,"El Centro",4.8,12,69
"3594",34.1104,-117.8269,"San Bernardino",NA,59,120
"4551",40.58502,-120.24413,"Susanville",4.5,115,90
"2706",34.9818,-117.481,"San Bernardino",NA,17,44
"3136",34.746,-116.4128,"San Bernardino",NA,79,73
"2141",34.675,-114.7355,"Needles",NA,14,39
"101",33.57126,-116.73857,"Santa Ana",1.1,28,101
"3727",34.208,-117.136,"San Bernardino",NA,26,100
"5086",41.17038,-123.08681,"Weed",0.8,138,140
"4388",39.68279,-121.45207,"Chico",3.4,194,85
"829",35.8646,-118.1294,"Bakersfield",2.1,75,119
"979",38.6188,-121.8401,"Sacramento",4.5,156,71
"1612",35.4202,-115.5582,"Kingman",NA,47,77
"660",36.12888,-120.87111,"Monterey",4.1,43,38
"2729",34.7506,-117.0654,"San Bernardino",NA,53,71
"4573",40.43813,-120.86902,"Susanville",4.3,179,115
"2258",34.4628,-115.1339,"Needles",NA,32,71
"1679",35.4979,-115.6472,"Kingman",NA,25,68
"4636",40.76182,-121.36533,"Susanville",2.1,152,94
"3836",34.2434,-116.5988,"San Bernardino",NA,76,71
"2581",34.0467,-114.5875,"Needles",NA,46,53
"3311",34.4628,-117.3281,"San Bernardino",NA,63,76
"4476",41.2551,-121.22948,"Alturas",3.8,111,88
"998",33.8757,-115.1072,"Salton Sea",4.6,17,58
"1525",35.0887,-115.5103,"Kingman",NA,36,76
"1890",34.9329,-115.4244,"Needles",NA,34,51
"1984",34.8802,-114.6859,"Needles",NA,130,150
"1800",34.9969,-115.713,"Needles",NA,38,50
"178",34.14634,-119.18984,"Los Angeles",7.6,24,110
"1441",35.2734,-115.0518,"Kingman",NA,96,92
"2992",34.7161,-117.0128,"San Bernardino",NA,24,60
"3696",34.1984,-117.3229,"San Bernardino",NA,40,100
"2339",34.4712,-114.4492,"Needles",NA,35,44
"2655",34.9443,-117.6413,"San Bernardino",NA,42,62
"4754",39.40775,-122.23682,"Ukiah",10.8,83,93
"2659",34.9518,-117.5127,"San Bernardino",NA,40,55
"2989",34.7191,-117.4891,"San Bernardino",NA,92,62
"3232",34.5225,-116.1093,"San Bernardino",NA,140,87
"1562",35.6311,-115.8945,"Kingman",NA,48,70
"1381",38.324,-119.7494,"Walker Lake",9.8,40,130
"1276",36.4373,-118.7677,"Fresno",2.9,9,71
"2246",34.3073,-115.2201,"Needles",4,39,62
"1584",35.6202,-115.7014,"Kingman",NA,37,54
"3787",34.1751,-116.9033,"San Bernardino",NA,130,74
"4212",36.9271,-120.09961,"Monterey",4.2,55,81
"4421",41.74533,-120.72116,"Alturas",4.8,136,103
"125",33.1381,-116.28984,"Santa Ana",1.5,13,77
"175",34.17411,-118.81056,"Los Angeles",13.5,24,84
"942",35.3107,-116.6856,"Trona",5.3,36,72
"723",35.85386,-120.49537,"San Luis Obispo",3.7,44,51
"4403",41.2485,-120.08379,"Alturas",4.5,42,76
"3047",34.7157,-116.9112,"San Bernardino",NA,100,75
"4162",36.71889,-120.61918,"Monterey",7.9,120,48
"4399",41.45562,-120.2846,"Alturas",5.7,153,109
"1271",35.6409,-120.0177,"San Luis Obispo",12.1,59,105
"3397",34.2678,-116.9015,"San Bernardino",NA,33,82
"1160",36.6763,-121.6767,"Monterey",6,81,94
"1946",34.8586,-114.9141,"Needles",NA,130,94
"3157",34.6846,-116.4323,"San Bernardino",NA,12,120
"2166",34.7433,-114.672,"Needles",NA,120,110
"2208",34.256,-115.7202,"Needles",NA,25,87
"2927",34.6224,-117.5156,"San Bernardino",NA,71,65
"1770",35.9011,-115.934,"Kingman",NA,29,58
"822",35.4334,-118.8967,"Bakersfield",9.3,40,69
"442",34.14831,-117.89841,"San Bernardino",24,18,110
"3723",34.0203,-117.3611,"San Bernardino",NA,49,78
"2142",34.675,-114.7355,"Needles",NA,25,58
"376",36.00839,-117.37301,"Death Valley",14.4,15,133
"3308",34.4313,-117.3624,"San Bernardino",NA,48,75
"5034",40.8346,-123.60109,"Redding",3.9,1240,85
"3919",36.402,-119.6936,"Fresno",6.2,81,97
"1685",35.4298,-115.5338,"Kingman",NA,30,51
"2995",34.7205,-117.0902,"San Bernardino",NA,54,99
"1837",34.7884,-115.988,"Needles",NA,69,65
"3099",34.6255,-116.6431,"San Bernardino",NA,67,66
"1460",35.3875,-115.2637,"Kingman",NA,100,140
"2801",34.879,-116.5574,"San Bernardino",NA,41,55
"2170",34.7242,-114.699,"Needles",NA,91,110
"5146",39.40775,-122.23682,"Ukiah",10.8,89,97
"3984",35.69665,-119.04252,"Bakersfield",3.6,36,83
"3317",34.0196,-117.5174,"San Bernardino",NA,62,86
"4021",37.81386,-121.59273,"San Jose",12,59,61
"4105",35.91358,-119.17543,"Bakersfield",3.3,60,70
"874",35.5734,-119.1492,"Bakersfield",5.9,41,88
"3783",34.2368,-116.8568,"San Bernardino",NA,33,57
"4869",38.38527,-122.75919,"Santa Rosa",3.1,71,38
"4229",36.61803,-119.5992,"Fresno",3.4,39,49
"2690",34.7838,-117.5565,"San Bernardino",NA,52,75
"2343",34.4233,-114.4198,"Needles",NA,61,72
"4213",36.57185,-119.94238,"Fresno",2.9,26,51
"159",37.34665,-120.2108,"San Jose",6.5,86,57
"1196",35.5757,-120.9841,"San Luis Obispo",4,146,68
"2715",34.8258,-117.2534,"San Bernardino",NA,30,41
"2156",34.618,-114.5982,"Needles",NA,10,37
"1214",36.1723,-119.8148,"Fresno",2.2,47,65
"4456",41.61943,-121.26872,"Alturas",2.6,73,86
"3978",35.98743,-118.93226,"Bakersfield",1.7,230,61
"820",35.4289,-119.0386,"Bakersfield",5.4,23,64
"1101",38.974,-120.7185,"Sacramento",8.1,140,74
"2534",34.0353,-114.9308,"Needles",NA,30,31
"3266",34.269,-117.5115,"San Bernardino",NA,49,64
"2461",34.1293,-115.5389,"Needles",NA,34,41
"4692",40.159,-122.75296,"Redding",2,1340,117
"1179",36.3325,-121.3647,"Monterey",1.9,16,72
"1976",34.7843,-114.7416,"Needles",NA,120,90
"1303",37.7079,-118.9487,"Mariposa",5.4,11,74
"1424",35.0463,-114.9531,"Kingman",NA,42,100
"1180",36.7346,-120.8871,"Monterey",7.7,100,69
"4879",38.52846,-122.76846,"Santa Rosa",6.6,136,85
"699",36.30311,-120.69217,"Monterey",9.8,80,85
"964",33.5534,-115.6164,"Salton Sea",23.2,21,68
"2233",34.3424,-115.2877,"Needles",NA,42,56
"2283",34.3607,-114.956,"Needles",NA,63,100
"355",34.80939,-116.96315,"San Bernardino",13.4,31,66
"34",36.72219,-117.01475,"Death Valley",10.7,25,43
"1151",36.5248,-121.6675,"Monterey",3.5,4,26
"5089",41.2573,-122.81495,"Weed",1.3,319,104
"3650",34.1106,-117.6766,"San Bernardino",8,67,150
"69",33.08607,-117.05584,"Santa Ana",1.9,144,131
"115",35.90996,-117.69209,"Trona",4.5,17,49
"642",36.89199,-121.47781,"Monterey",3.2,115,92
"1960",34.9206,-114.881,"Needles",NA,98,93
"3699",34.1768,-117.3686,"San Bernardino",NA,56,73
"2053",34.6539,-115.4326,"Needles",NA,68,67
"3006",34.7234,-117.2273,"San Bernardino",NA,48,150
"1249",36.299,-119.4737,"Fresno",3.1,20,85
"4538",39.64601,-120.86354,"Chico",6.7,331,126
"2062",34.6953,-115.2067,"Needles",NA,49,57
"2985",34.522,-116.2975,"San Bernardino",NA,100,63
"1407",35.3865,-115.3881,"Kingman",NA,52,77
"2742",34.8409,-117.205,"San Bernardino",NA,57,63
"256",32.65582,-115.69208,"El Centro",3.3,5,30
"2235",34.4814,-115.2543,"Needles",NA,31,52
"1736",35.5615,-115.5402,"Kingman",NA,56,93
"4760",39.53987,-122.15114,"Ukiah",5.7,132,95
"1796",34.8352,-115.8198,"Needles",NA,45,64
"2495",34.1258,-115.4193,"Needles",NA,32,58
"2598",34.247,-114.6647,"Needles",NA,66,62
"5063",39.65007,-123.48246,"Ukiah",8.1,156,108
"4155",36.98229,-120.43889,"Monterey",4.3,37,59
"3100",34.6231,-116.6047,"San Bernardino",NA,44,71
"182",34.63635,-119.42469,"Los Angeles",8.3,35,78
"2186",34.3356,-115.9371,"Needles",NA,37,52
"3346",34.3651,-117.3999,"San Bernardino",NA,96,58
"709",35.72272,-120.60663,"San Luis Obispo",1.5,46,34
"371",35.38053,-116.15037,"Trona",10.6,36,52
"2553",34.2156,-114.7509,"Needles",NA,58,210
"2497",34.1291,-115.4996,"Needles",NA,37,61
"4922",39.18499,-123.02761,"Ukiah",7.6,126,150
"3725",34.0848,-117.3675,"San Bernardino",NA,54,71
"3957",35.51503,-119.1061,"Bakersfield",4.8,49,77
"1410",35.2971,-115.4471,"Kingman",NA,25,60
"3517",34.3908,-116.295,"San Bernardino",NA,47,59
"3215",34.7174,-116.1866,"San Bernardino",NA,81,85
"381",35.22508,-117.71076,"Trona",7.1,17,66
"139",33.05392,-116.71663,"Santa Ana",1.6,58,60
"1397",35.5571,-115.473,"Kingman",NA,51,130
"120",33.78285,-116.64256,"Santa Ana",0.9,12,108
"1522",35.0492,-115.5209,"Kingman",NA,46,110
"5029",40.62281,-123.31921,"Redding",3.3,102,236
"42",36.98291,-117.46671,"Death Valley",9.4,16,51
"4136",35.65303,-118.93243,"Bakersfield",1.7,22,28
"3174",34.6214,-116.3616,"San Bernardino",NA,63,69
"4096",37.74128,-121.05303,"San Jose",6,39,91
"4204",35.59045,-119.56386,"Bakersfield",NA,53,48
"5015",40.3268,-123.4668,"Redding",7.8,83,107
"2549",34.2294,-114.9469,"Needles",NA,57,91
"2522",34.0319,-115.2384,"Needles",NA,35,48
"4857",38.0123,-122.25099,"Santa Rosa",5.5,44,55
"1686",35.0153,-115.7133,"Kingman",NA,31,36
"1496",35.364,-115.9708,"Kingman",NA,62,84
"3051",34.6635,-116.9798,"San Bernardino",NA,18,89
"385",35.22915,-116.7086,"Trona",3.2,18,64
"1060",36.4677,-120.681,"Monterey",12.8,41,102
"1395",35.2532,-114.9797,"Kingman",NA,120,95
"4904",39.35985,-121.66606,"Chico",9.2,189,75
"1808",34.9733,-115.613,"Needles",NA,42,120
"3616",34.2382,-117.8168,"San Bernardino",NA,100,110
"1709",35.1531,-115.9856,"Kingman",NA,16,32
"3044",34.5887,-117.2154,"San Bernardino",NA,150,93
"2315",34.3469,-114.5864,"Needles",NA,77,81
"4330",41.7341,-120.1958,"Alturas",NA,29,76
"2851",34.872,-116.2544,"San Bernardino",8.9,53,74
"5055",39.36088,-123.50911,"Ukiah",7.5,74,105
"4450",41.6666,-121.04135,"Alturas",5.9,132,106
"3592",34.0827,-117.8668,"San Bernardino",NA,62,600
"3444",34.4943,-116.869,"San Bernardino",NA,49,71
"112",33.17414,-116.73811,"Santa Ana",0.6,63,75
"3421",34.2747,-116.8353,"San Bernardino",NA,34,68
"1764",35.8361,-115.7467,"Kingman",NA,30,41
"4189",36.22703,-119.93128,"Fresno",NA,140,68
"3838",34.2381,-116.5535,"San Bernardino",NA,1100,110
"176",34.56295,-119.84493,"Los Angeles",5.8,38,45
"1338",37.3358,-119.8834,"Mariposa",1.3,60,88
"674",36.65051,-120.83025,"Monterey",10.2,31,70
"3481",34.3606,-116.6596,"San Bernardino",NA,70,92
"219",34.99709,-120.43075,"Santa Maria",3.6,33,47
"2916",34.6569,-117.8563,"San Bernardino",NA,65,56
"394",35.53291,-117.52094,"Trona",10.6,257,90
"2843",34.9367,-116.3263,"San Bernardino",NA,38,30
"3468",34.2978,-116.6515,"San Bernardino",NA,45,110
"1245",36.7234,-118.8591,"Fresno",4.2,13,73
"3824",34.1761,-116.5194,"San Bernardino",NA,40,75
"1105",36.9814,-120.5334,"Monterey",5.1,17,92
"752",34.08402,-115.86124,"Needles",2,37,74
"1408",35.3795,-115.3365,"Kingman",NA,64,75
"2639",34.7567,-117.7908,"San Bernardino",NA,53,90
"3347",34.4896,-117.2607,"San Bernardino",NA,25,81
"1670",35.4291,-115.71,"Kingman",NA,410,91
"2326",34.2616,-114.6768,"Needles",NA,54,60
"4007",36.88606,-119.79588,"Fresno",1.6,48,42
"4520",41.51483,-121.70613,"Alturas",3.9,62,99
"1694",35.1756,-115.6097,"Kingman",NA,38,58
"91",34.21684,-118.33475,"Los Angeles",2.4,61,74
"4508",41.24696,-121.41041,"Alturas",2.4,76,65
"967",33.8369,-114.9388,"Salton Sea",3.1,10,45
"417",36.89559,-118.06882,"Fresno",7.5,36,60
"637",36.0734,-118.21515,"Fresno",0.8,22,89
"4931",38.67198,-123.18862,"Santa Rosa",7,125,96
"3162",34.5265,-116.4311,"San Bernardino",NA,44,48
"3828",34.1783,-116.7482,"San Bernardino",NA,88,96
"5160",41.82975,-123.47907,"Weed",6.9,1370,46
"45",34.71695,-118.51743,"Los Angeles",2.8,10,103
"2374",34.2861,-114.4839,"Needles",2.8,100,70
"3711",34.1119,-117.4389,"San Bernardino",NA,68,190
"51",36.86927,-117.19451,"Death Valley",30.6,9,37
"1254",36.1363,-119.563,"Fresno",4,19,138
"4360",38.90602,-122.30976,"Santa Rosa",19.7,75,108
"1439",35.3018,-115.0797,"Kingman",NA,32,58
"863",35.431,-118.7759,"Bakersfield",3.7,62,117
"703",36.18675,-120.29686,"Monterey",6.1,792,188
"4278",41.875,-120.278,"Alturas",NA,30,51
"4208",35.82672,-119.57063,"Bakersfield",4.7,30,39
"2666",34.8812,-117.6714,"San Bernardino",NA,34,43
"2154",34.5204,-114.5803,"Needles",NA,79,79
"2991",34.6954,-117.0105,"San Bernardino",NA,51,110
"3833",34.2307,-116.6709,"San Bernardino",NA,48,64
"4248",41.2758,-120.1205,"Alturas",NA,170,92
"2225",34.3806,-115.5605,"Needles",NA,63,70
"714",36.39218,-120.39565,"Monterey",6.5,109,64
"1100",36.3109,-120.9166,"Monterey",3.8,19,50
"404",36.42342,-117.41344,"Death Valley",7,13,61
"5120",41.75914,-123.74949,"Weed",1.9,2700,130
"2429",34.0498,-115.7337,"Needles",NA,47,54
"2036",34.6979,-115.6083,"Needles",NA,32,48
"1186",36.1744,-119.7701,"Fresno",4.6,58,75
"1740",35.5581,-115.6329,"Kingman",NA,40,49
"4985",40.68695,-124.05316,"Eureka",5.7,81,70
"952",33.9783,-114.5638,"Salton Sea",6.8,37,69
"438",35.30688,-115.87992,"Kingman",4.4,21,58
"3320",34.4633,-117.292,"San Bernardino",NA,54,81
"3751",34.0793,-117.0929,"San Bernardino",NA,54,89
"5054",39.36088,-123.50911,"Ukiah",7.3,83,115
"617",36.42137,-119.0798,"Fresno",1.8,45,62
"4826",41.12353,-122.29441,"Weed",3.4,127,76
"4916",38.86451,-122.67117,"Santa Rosa",7.9,224,68
"5126",41.90377,-123.67387,"Weed",1.9,545,71
"2223",34.3857,-115.5142,"Needles",NA,83,52
"4382",39.34866,-121.59225,"Chico",6.5,115,66
"152",37.81088,-119.70963,"Mariposa",1.8,24,71
"3159",34.5322,-116.4789,"San Bernardino",NA,60,130
"2652",34.9171,-117.6408,"San Bernardino",NA,42,53
"650",35.67312,-120.93009,"San Luis Obispo",13.1,164,192
"846",35.7148,-119.5078,"Bakersfield",8.9,29,61
"2008",34.7203,-115.9286,"Needles",6.2,48,66
"2661",34.8467,-117.7076,"San Bernardino",NA,55,48
"957",33.5545,-114.7746,"Salton Sea",5.2,19,38
"4925",39.09103,-122.75072,"Ukiah",8.4,17,78
"965",33.6929,-115.9336,"Salton Sea",4,22,88
"2255",34.4805,-115.0621,"Needles",NA,41,70
"3913",34.1536,-116.1716,"San Bernardino",NA,47,83
"2672",34.8685,-117.5105,"San Bernardino",NA,45,70
"2312",34.3272,-114.6082,"Needles",NA,49,74
"1930",34.7863,-115.1603,"Needles",NA,49,73
"2028",34.5798,-115.7426,"Needles",4.5,48,57
"974",33.5843,-115.6083,"Salton Sea",16.9,21,84
"162",37.2648,-120.03877,"San Jose",7.5,92,79
"1785",35.7877,-115.857,"Kingman",NA,30,46
"3683",34.1073,-117.289,"San Bernardino",NA,52,100
"4742",39.0122,-122.36791,"Ukiah",4,711,75
"2378",34.3127,-114.1843,"Needles",6.9,50,110
"2961",34.5354,-117.7075,"San Bernardino",2.3,28,44
"3249",34.4435,-117.942,"San Bernardino",NA,40,97
"1789",35.811,-115.7515,"Kingman",NA,43,60
"3149",34.6572,-116.4333,"San Bernardino",NA,26,46
"4823",40.81266,-122.30068,"Redding",8.6,19,118
"1096",36.2091,-120.0291,"Monterey",10,102,86
"2575",34.0809,-114.5203,"Needles",NA,6,15
"1570",35.6397,-115.7519,"Kingman",NA,37,50
"4841",40.9534,-122.7151,"Redding",5.7,182,168
"2454",34.1637,-115.579,"Needles",NA,35,44
"1601",35.0322,-114.7671,"Kingman",3,83,110
"2878",34.7946,-116.0359,"San Bernardino",NA,20,37
"2124",34.743,-114.6045,"Needles",NA,110,130
"4033",37.86591,-121.20755,"San Jose",2.3,37,100
"4435",41.40824,-120.74754,"Alturas",3.3,106,69
"3178",34.5867,-116.3679,"San Bernardino",NA,31,28
"3970",37.31007,-120.75397,"San Jose",1.8,14,32
"1980",34.836,-114.6982,"Needles",NA,75,70
"1784",35.8166,-115.9683,"Kingman",NA,38,60
"3880",34.2366,-116.3321,"San Bernardino",4.8,50,87
"2833",34.8494,-116.2928,"San Bernardino",NA,50,84
"4661",40.38731,-121.53154,"Susanville",8.9,147,117
"478",35.74794,-116.31576,"Trona",4.9,9,48
"4116",36.14272,-119.26007,"Fresno",4.5,44,74
"3336",34.338,-117.2887,"San Bernardino",NA,42,50
"780",34.87675,-115.73638,"Needles",4.1,38,53
"4426",41.41765,-120.41027,"Alturas",5.2,103,80
"439",34.53514,-117.92144,"San Bernardino",2.8,57,60
"3743",34.0484,-117.2085,"San Bernardino",NA,48,100
"1478",35.0313,-115.1957,"Kingman",21.2,32,60
"4785",41.82579,-122.29039,"Weed",6.8,154,122
"3636",34.0492,-117.5579,"San Bernardino",NA,51,110
"4984",40.53214,-124.04238,"Eureka",6.2,137,79
"1541",35.5555,-115.9044,"Kingman",NA,41,59
"4604",40.08946,-120.6308,"Susanville",3.9,66,79
"4934",38.71306,-123.33975,"Santa Rosa",3.5,96,34
"3753",34.0509,-117.0579,"San Bernardino",NA,53,110
"1368",34.2938,-116.1195,"San Bernardino",4.4,15,82
"5042",40.90414,-123.71052,"Redding",12.3,195,150
"2754",34.9531,-116.8942,"San Bernardino",NA,19,430
"4758",39.53453,-122.28786,"Ukiah",6.9,97,72
"920",35.6618,-117.9794,"Trona",1.5,8,94
"982",33.8019,-115.3497,"Salton Sea",2.5,18,55
"3917",35.88501,-119.0785,"Bakersfield",4.5,45,62
"991",36.7496,-121.1572,"Monterey",4.4,128,68
"3104",34.6545,-116.6325,"San Bernardino",5.9,54,72
"165",37.69853,-120.12818,"San Jose",8,23,47
"59",32.93111,-117.15571,"San Diego",5,49,78
"1128",36.0698,-120.4726,"Monterey",5.9,43,62
"3946",36.98556,-120.04671,"Monterey",2.1,37,40
"2328",34.2788,-114.6912,"Needles",NA,110,83
"4458",41.67233,-121.39133,"Alturas",3.3,41,98
"2304",34.3549,-114.654,"Needles",NA,89,86
"969",33.0587,-115.6474,"Salton Sea",7.2,18,58
"2038",34.7242,-115.5984,"Needles",3.3,35,41
"4597",40.7276,-121.06186,"Susanville",3,150,136
"4763",39.61189,-122.2886,"Ukiah",5.8,143,79
"38",34.59958,-118.72531,"Los Angeles",1.7,59,63
"5085",41.26474,-123.14793,"Weed",15,132,114
"4182",35.14953,-119.21565,"Bakersfield",NA,68,95
"4992",41.7714,-124.15982,"Eureka",4.4,658,90
"622",37.55635,-118.87027,"Mariposa",207,10,277
"517",35.43518,-117.77365,"Trona",14.9,33,63
"2840",34.9175,-116.368,"San Bernardino",NA,49,50
"2540",34.1084,-114.7883,"Needles",NA,46,49
"4016",37.09862,-120.61244,"San Jose",19,47,67
"2479",34.0369,-115.2989,"Needles",NA,28,58
"3171",34.6151,-116.4618,"San Bernardino",NA,54,69
"108",33.64302,-116.63523,"Santa Ana",1,26,118
"1964",34.7593,-114.6487,"Needles",NA,49,56
"695",36.47629,-121.14426,"Monterey",12.1,80,71
"468",36.16018,-116.29769,"Death Valley",17.9,25,54
"2958",34.6033,-117.6837,"San Bernardino",NA,74,66
"1877",34.9469,-115.5061,"Needles",NA,34,66
"4606",40.16459,-121.09715,"Susanville",51.1,736,102
"4794",41.79482,-123.16217,"Weed",3.9,47,53
"4791",41.94968,-122.84324,"Weed",15.4,402,101
"3541",34.3044,-116.4288,"San Bernardino",NA,27,37
"1850",34.7635,-115.775,"Needles",NA,48,72
"1550",35.587,-115.8079,"Kingman",NA,41,76
"3534",34.355,-116.4201,"San Bernardino",NA,72,70
"212",37.42382,-121.94976,"San Jose",11.2,78,76
"4974",39.22685,-121.78587,"Chico",13.9,102,62
"2184",34.3179,-115.8959,"Needles",NA,55,59
"3220",34.5251,-116.1932,"San Bernardino",NA,170,91
"2707",34.9818,-117.481,"San Bernardino",NA,34,70
"815",34.32,-115.67489,"Needles",2.6,10,42
"3722",34.202,-117.4798,"San Bernardino",NA,24,130
"1306",37.5854,-119.2078,"Mariposa",5.9,21,87
"3741",34.0179,-117.2061,"San Bernardino",NA,63,59
"789",33.41201,-115.66292,"Salton Sea",5.8,8,63
"4358",38.80192,-122.18077,"Santa Rosa",9,104,87
"3455",34.4334,-116.5192,"San Bernardino",NA,56,62
"1603",35.1325,-114.9805,"Kingman",NA,29,62
"5156",39.95419,-123.28484,"Ukiah",7.4,155,95
"5028",40.62281,-123.31921,"Redding",3.5,102,218
"4141",36.90744,-120.56734,"Monterey",8.7,110,79
"1715",35.1209,-115.9015,"Kingman",NA,20,37
"3258",34.4341,-117.5657,"San Bernardino",NA,57,86
"207",37.26108,-122.18495,"San Francisco",4.9,41,72
"87",33.31766,-117.09926,"Santa Ana",2.6,70,103
"2881",34.8308,-116.02,"San Bernardino",NA,67,71
"518",35.14757,-116.11127,"Trona",3.4,16,73
"2335",34.2798,-114.542,"Needles",NA,44,89
"3058",34.561,-116.945,"San Bernardino",NA,57,80
"784",35.02473,-115.76346,"Kingman",3.1,11,39
"2503",34.0895,-115.1741,"Needles",NA,49,65
"3419",34.2686,-116.977,"San Bernardino",NA,11,65
"3797",34.2349,-116.942,"San Bernardino",NA,8,79
"3849",34.0346,-116.6379,"San Bernardino",NA,150,120
"551",36.90099,-117.87899,"Death Valley",5.3,21,70
"3976",37.47654,-120.30569,"San Jose",1.7,46,39
"1566",35.6962,-115.8174,"Kingman",NA,36,68
"3283",34.414,-117.6704,"San Bernardino",NA,49,92
"3686",34.0161,-117.3291,"San Bernardino",NA,44,150
"1973",34.7852,-114.7167,"Needles",NA,150,100
"2322",34.4714,-114.5082,"Needles",NA,120,89
"5103",41.32079,-122.5586,"Weed",6.1,142,146
"4927",39.09111,-122.75072,"Ukiah",7.3,62,90
"1953",34.7824,-114.8984,"Needles",NA,62,67
"2438",34.2424,-115.7229,"Needles",NA,34,69
"3086",34.5244,-116.7975,"San Bernardino",NA,58,73
"2040",34.7018,-115.5833,"Needles",NA,44,57
"1805",34.9729,-115.5728,"Needles",NA,34,44
"3779",34.1723,-116.783,"San Bernardino",NA,130,53
"70",32.74908,-116.09291,"San Diego",1.4,17,48
"411",36.5107,-117.85053,"Death Valley",27.9,26,76
"2638",34.7524,-117.8264,"San Bernardino",NA,51,81
"1934",34.7947,-114.9173,"Needles",NA,63,65
"1814",34.7841,-115.6591,"Needles",NA,20,59
"529",35.56024,-117.27091,"Trona",16.9,11,45
"2484",34.173,-115.384,"Needles",NA,41,60
"852",35.7336,-118.6953,"Bakersfield",1.5,39,52
"2332",34.2675,-114.6159,"Needles",NA,49,81
"4299",41.8238,-120.0733,"Alturas",NA,95,59
"272",34.77942,-120.1326,"Santa Maria",4.9,35,40
"4383",39.4603,-121.46483,"Chico",4.4,102,48
"4622",40.66338,-121.62376,"Susanville",5.4,78,112
"590",37.25922,-118.07101,"Mariposa",5.4,17,52
"2002",34.6762,-115.8302,"Needles",NA,42,51
"4517",41.73978,-121.72945,"Alturas",1.9,47,79
"4433",41.14243,-120.56343,"Alturas",2.2,95,122
"1490",35.3951,-115.9176,"Kingman",NA,97,110
"868",35.1784,-118.7869,"Bakersfield",2.2,37,124
"2458",34.1147,-115.5087,"Needles",NA,11,31
"3066",34.6256,-116.8381,"San Bernardino",NA,52,69
"4599",40.66338,-121.62376,"Susanville",4.5,74,97
"3935",37.68654,-121.31921,"San Jose",7.2,73,74
"206",34.67077,-119.68439,"Los Angeles",6.2,34,65
"2849",34.9372,-116.2674,"San Bernardino",NA,50,64
"82",33.09506,-117.28096,"Santa Ana",5.7,15,30
"1476",35.056,-115.1622,"Kingman",NA,56,56
"2486",34.0838,-115.4461,"Needles",NA,34,70
"4765",39.54927,-122.39809,"Ukiah",9.4,120,97
"3805",34.094,-116.8997,"San Bernardino",NA,78,180
"2400",34.0356,-115.8397,"Needles",NA,61,84
"5059",39.46918,-123.39723,"Ukiah",9.1,262,83
"1630",35.1648,-115.2663,"Kingman",NA,33,71
"3333",34.3455,-117.3316,"San Bernardino",NA,22,41
"3005",34.6311,-117.2095,"San Bernardino",NA,58,87
"1871",34.8066,-115.6784,"Needles",NA,26,75
"4452",41.86959,-120.96154,"Alturas",2.2,72,63
"4103",37.76044,-121.09509,"San Jose",3.8,53,110
"1693",35.0621,-115.7038,"Kingman",NA,28,52
"4192",36.87716,-120.49742,"Monterey",NA,120,79
"4740",39.11406,-121.72807,"Chico",4.8,139,72
"36",37.72215,-121.56404,"San Jose",6.1,30,60
"5154",39.93178,-123.35184,"Ukiah",5.2,72,69
"3815",34.0165,-116.7833,"San Bernardino",NA,47,66
"4526",41.33711,-121.92522,"Alturas",4,56,92
"4509",41.24696,-121.41041,"Alturas",2.3,54,90
"2205",34.4255,-115.8951,"Needles",NA,53,59
"4428",41.22099,-120.39666,"Alturas",4.3,24,81
"3692",34.1488,-117.2845,"San Bernardino",NA,78,210
"2710",34.9107,-117.2585,"San Bernardino",NA,27,34
"3603",34.0832,-117.9421,"San Bernardino",NA,61,140
"1053",36.4715,-121.1867,"Monterey",29.8,3,62
"3967",35.30336,-119.46824,"Bakersfield",4.8,42,45
"68",33.93929,-116.43475,"Santa Ana",1.9,152,122
"3132",34.7452,-116.5429,"San Bernardino",NA,94,96
"4839",40.82806,-122.8916,"Redding",4,126,165
"963",38.0805,-120.8343,"Sacramento",2.7,50,91
"2595",34.0142,-114.6385,"Needles",3.9,42,53
"3391",34.3446,-117.1741,"San Bernardino",NA,89,81
"3758",34.1157,-117.0598,"San Bernardino",NA,110,110
"1349",37.1552,-118.3224,"Mariposa",2.4,19,56
"4939",38.91019,-123.30532,"Santa Rosa",5,56,118
"79",33.65668,-116.93194,"Santa Ana",0.9,8,98
"358",36.64973,-117.50384,"Death Valley",8.9,22,91
"1874",34.8529,-115.6672,"Needles",NA,33,75
"2507",34.0345,-115.0749,"Needles",NA,43,59
"54",34.44735,-118.57065,"Los Angeles",4.2,66,57
"2615",34.1138,-114.4799,"Needles",NA,56,63
"4368",39.92303,-122.64709,"Ukiah",1.7,452,80
"2887",34.9754,-116.0167,"San Bernardino",6.1,57,71
"2945",34.6895,-117.7099,"San Bernardino",NA,53,58
"2101",34.615,-114.803,"Needles",NA,34,63
"1379",38.3666,-119.1165,"Walker Lake",13.6,17,83
"691",36.83061,-121.35991,"Monterey",4.6,86,40
"3186",34.6168,-116.2838,"San Bernardino",NA,98,68
"458",34.15396,-115.56808,"Needles",1.9,13,47
"684",36.3506,-120.94351,"Monterey",7.1,227,63
"2752",34.9184,-116.9875,"San Bernardino",NA,50,77
"307",34.83213,-116.36749,"San Bernardino",17.9,30,59
"4292",41.675,-120.2175,"Alturas",NA,94,60
"3911",34.1481,-116.2057,"San Bernardino",NA,64,89
"995",33.1224,-115.1102,"Salton Sea",4.6,12,47
"2970",34.5578,-117.2559,"San Bernardino",NA,39,81
"99",33.92383,-117.05051,"Santa Ana",3.8,19,52
"263",32.83794,-115.22657,"El Centro",3,4,21
"2494",34.1178,-115.3977,"Needles",NA,27,60
"2136",34.6691,-114.6485,"Needles",NA,23,120
"712",35.70889,-120.466,"San Luis Obispo",6.8,70,66
"1181",38.2421,-121.1883,"Sacramento",3.4,43,38
"2913",34.6918,-117.8263,"San Bernardino",NA,46,67
"1573",35.6069,-115.7282,"Kingman",8,33,48
"1279",36.1084,-118.6376,"Fresno",1.8,11,94
"3413",34.3042,-116.9051,"San Bernardino",NA,30,110
"2508",34.0406,-115.1157,"Needles",NA,33,56
"1918",34.8603,-115.0552,"Needles",5.8,43,130
"3199",34.6548,-116.0232,"San Bernardino",NA,38,33
"1481",35.1269,-115.0246,"Kingman",NA,55,64
"3756",34.104,-117.0191,"San Bernardino",NA,30,79
"3055",34.6305,-116.9938,"San Bernardino",NA,46,77
"3091",34.7383,-116.7039,"San Bernardino",NA,130,81
"1944",34.8671,-114.8452,"Needles",NA,89,110
"4704",40.38555,-122.48445,"Redding",6.9,119,93
"2098",34.6691,-114.7724,"Needles",NA,97,120
"5121",41.92976,-123.64384,"Weed",0.7,1310,97
"2502",34.0895,-115.1741,"Needles",NA,25,69
"670",35.29767,-120.48402,"San Luis Obispo",2.8,16,40
"26",36.01167,-116.73674,"Death Valley",12.1,15,533
"3269",34.3066,-117.5778,"San Bernardino",NA,160,110
"372",35.77199,-116.09519,"Trona",5.7,11,51
"678",35.80243,-118.42825,"Bakersfield",12.1,36,92
"1248",36.466,-118.915,"Fresno",4.2,20,89
"787",33.84506,-114.70202,"Salton Sea",2.5,12,36
"5114",41.54836,-122.53532,"Weed",5.8,42,97
"3556",34.4486,-116.0668,"San Bernardino",NA,41,70
"4217",35.7049,-119.45286,"Bakersfield",14,66,85
"9",36.29129,-117.05369,"Death Valley",45.6,14,155
"975",33.5154,-115.1045,"Salton Sea",3.6,31,59
"2510",34.0561,-115.2053,"Needles",3.2,39,68
"2279",34.4754,-114.8776,"Needles",NA,51,110
"4533",39.11731,-120.45894,"Chico",15.8,11,187
"4590",39.90902,-120.16769,"Chico",3.7,276,70
"2411",34.0581,-115.7883,"Needles",NA,56,74
"1970",34.8058,-114.6593,"Needles",NA,67,85
"3212",34.6494,-116.1653,"San Bernardino",NA,47,78
"1518",35.02,-115.5663,"Kingman",NA,23,56
"3318",34.402,-117.2994,"San Bernardino",NA,53,87
"4282",41.8019,-120.2805,"Alturas",NA,20,66
"832",35.1492,-118.1943,"Bakersfield",7.2,17,112
"2034",34.7299,-115.6877,"Needles",NA,35,74
"1135",36.1895,-117.8112,"Death Valley",8.7,28,113
"3214",34.6775,-116.1541,"San Bernardino",NA,62,85
"5108",41.53394,-123.84936,"Weed",9,82,80
"4336",41.9766,-120.0266,"Alturas",NA,99,87
"4557",40.59343,-120.1807,"Susanville",2.9,96,73
"5088",41.2573,-122.81495,"Weed",1.3,274,94
"169",37.18384,-118.6008,"Mariposa",2.5,16,66
"3966",37.90717,-121.10995,"San Jose",2.3,68,76
"3070",34.6879,-116.8685,"San Bernardino",NA,74,83
"836",35.4331,-119.9638,"Bakersfield",7.1,129,112
"4040",36.1744,-119.68861,"Fresno",4.2,56,67
"2941",34.7197,-117.638,"San Bernardino",NA,64,70
"356",36.35871,-118.02894,"Fresno",9.1,7,80
"1421",35.0802,-114.9807,"Kingman",NA,48,64
"4196",37.58696,-121.21775,"San Jose",NA,60,38
"27",35.97622,-116.92883,"Trona",6.8,50,75
"2800",34.8774,-116.5212,"San Bernardino",NA,46,53
"3718",34.0484,-117.48,"San Bernardino",NA,79,320
"3782",34.1733,-116.8608,"San Bernardino",NA,37,91
"3795",34.0809,-116.9045,"San Bernardino",NA,100,140
"2162",34.6128,-114.5227,"Needles",NA,30,43
"996",33.6577,-114.8977,"Salton Sea",5.3,17,62
"5129",41.1185,-124.047,"Eureka",5.5,218,95
"3714",34.0476,-117.4005,"San Bernardino",NA,60,71
"1030",36.3641,-121.8247,"Monterey",1,43,204
"1974",34.7791,-114.7289,"Needles",NA,54,89
"1322",37.7414,-119.2111,"Mariposa",3.1,10,43
"2329",34.2814,-114.7073,"Needles",NA,53,68
"177",34.79395,-119.57255,"Los Angeles",6.3,28,56
"4067",36.43071,-119.47936,"Fresno",3.8,31,69
"2763",34.7786,-116.9055,"San Bernardino",NA,61,81
"2087",34.5135,-115.1186,"Needles",NA,33,63
"3289",34.2567,-117.6365,"San Bernardino",NA,58,150
"2842",34.9342,-116.3597,"San Bernardino",NA,49,60
"4398",41.47297,-120.18744,"Alturas",5,93,91
"2906",34.6237,-117.7903,"San Bernardino",NA,54,67
"4326",41.9472,-120.1852,"Alturas",NA,44,130
"2571",34.2299,-114.543,"Needles",NA,48,69
"4541",39.82288,-120.93698,"Chico",4.8,30,97
"4038",36.313,-119.92222,"Fresno",7.4,140,74
"3671",34.2364,-117.6737,"San Bernardino",NA,100,91
"5117",41.57097,-123.68387,"Weed",1.4,705,96
"1190",36.2905,-118.7977,"Fresno",8.2,23,81
"1257",36.0174,-118.5617,"Fresno",1.9,-2,88
"687",36.15608,-121.1748,"Monterey",8.6,60,79
"1848",34.8104,-115.8553,"Needles",NA,51,71
"3932",37.87634,-121.42934,"San Jose",4.9,74,74
"2744",34.7799,-117.2158,"San Bernardino",NA,73,73
"4677",40.80294,-121.98023,"Susanville",7.5,75,80
"4110",36.61817,-119.60014,"Fresno",3.3,40,55
"1482",35.1763,-115.0179,"Kingman",NA,56,84
"2506",34.0051,-115.0236,"Needles",4.1,35,66
"364",35.00916,-116.18971,"Trona",6.2,52,64
"3868",34.1176,-116.7485,"San Bernardino",NA,48,110
"180",34.86603,-119.55939,"Los Angeles",9.1,10,35
"576",37.63757,-118.71601,"Mariposa",6.8,5,54
"1595",35.6526,-115.469,"Kingman",NA,45,61
"3370",34.3301,-117.1335,"San Bernardino",NA,48,110
"1843",34.7834,-115.8972,"Needles",NA,42,65
"3555",34.4486,-116.0668,"San Bernardino",NA,13,32
"1057",36.1114,-121.6262,"Monterey",2.6,53,101
"1765",35.8554,-115.7729,"Kingman",NA,36,53
"3562",34.4398,-116.1321,"San Bernardino",NA,56,47
"997",35.903,-117.4028,"Trona",9.1,32,81
"1532",35.0856,-115.6277,"Kingman",NA,78,74
"1027",38.7607,-120.8462,"Sacramento",11.8,114,91
"2387",34.1017,-115.9685,"Needles",NA,79,69
"1402",35.4679,-115.4791,"Kingman",NA,140,130
"3945",36.53359,-119.75343,"Fresno",4.8,21,55
"3402",34.4295,-116.985,"San Bernardino",NA,39,71
"4285",41.7255,-120.3144,"Alturas",NA,35,82
"4663",40.80925,-121.70637,"Susanville",1.5,36,60
"5153",39.98283,-123.62418,"Ukiah",3.8,66,91
"4049",37.14061,-120.95081,"San Jose",6.3,120,69
"3460",34.2745,-116.5224,"San Bernardino",NA,65,120
"2302",34.3319,-114.7173,"Needles",NA,120,68
"1102",38.7348,-121.8468,"Sacramento",11.9,147,100
"972",38.6037,-121.4094,"Sacramento",3.6,83,102
"2822",34.8421,-116.4864,"San Bernardino",NA,49,52
"3697",34.207,-117.3654,"San Bernardino",NA,46,85
"205",34.39287,-119.06091,"Los Angeles",9.4,24,60
"3472",34.3235,-116.531,"San Bernardino",NA,48,110
"2407",34.0394,-115.7516,"Needles",NA,100,72
"4243",41.5602,-120.2925,"Alturas",NA,42,150
"324",33.13473,-115.26368,"Salton Sea",9.4,31,46
"2932",34.7229,-117.5933,"San Bernardino",NA,30,63
"2047",34.6428,-115.2613,"Needles",NA,60,75
"958",33.8362,-115.4397,"Salton Sea",6.9,13,77
"1647",35.1504,-115.4005,"Kingman",NA,42,64
"788",34.68377,-114.90891,"Needles",3.8,23,57
"4478",39.20154,-120.89916,"Chico",17,8,19
"3605",34.0549,-117.9881,"San Bernardino",NA,65,150
"2305",34.3798,-114.7299,"Needles",NA,98,81
"1026",36.5263,-121.9155,"Monterey",3.2,22,58
"3883",34.1072,-116.4065,"San Bernardino",NA,90,110
"954",36.1936,-117.1825,"Death Valley",24.6,64,213
"3452",34.4315,-116.5612,"San Bernardino",NA,52,92
"2004",34.7051,-115.8568,"Needles",NA,42,55
"2511",34.0855,-115.2211,"Needles",NA,59,80
"1129",38.4399,-120.3579,"Sacramento",3.7,55,101
"2382",34.3185,-114.2379,"Needles",NA,84,110
"3907",34.2333,-116.0181,"San Bernardino",NA,48,53
"1321",37.5015,-118.36,"Mariposa",12.7,22,76
"2700",34.9377,-117.4518,"San Bernardino",NA,20,26
"2898",34.9375,-116.1126,"San Bernardino",NA,47,78
"3205",34.6902,-116.0885,"San Bernardino",NA,100,91
"772",33.31944,-114.88131,"Salton Sea",5.5,26,77
"1225",35.5471,-120.5604,"San Luis Obispo",3.8,28,47
"2951",34.6551,-117.7124,"San Bernardino",NA,53,61
"491",36.1538,-118.3998,"Fresno",1.4,32,91
"1972",34.7852,-114.7167,"Needles",NA,120,53
"360",35.48307,-116.43749,"Trona",9.8,27,80
"3198",34.691,-116.0218,"San Bernardino",NA,98,85
"4331",41.7569,-120.1877,"Alturas",NA,22,75
"1901",34.7869,-115.4228,"Needles",NA,57,61
"2372",34.2663,-114.481,"Needles",NA,53,60
"271",34.63615,-120.59057,"Santa Maria",4.2,73,88
"208",34.38897,-118.57694,"Los Angeles",2.8,13,31
"567",35.33278,-118.69565,"Bakersfield",6,13,50
"2416",34.2001,-115.9803,"Needles",NA,35,41
"4953",39.49156,-122.85926,"Ukiah",8.1,177,110
"870",35.0123,-119.4871,"Bakersfield",7.1,21,56
"2023",34.572,-115.5271,"Needles",7.7,46,62
"4090",36.9813,-120.29845,"Monterey",3.1,53,75
"2310",34.2925,-114.6563,"Needles",NA,24,48
"1293",37.6512,-118.4326,"Mariposa",6.1,5,57
"754",35.00394,-114.99275,"Kingman",4.9,46,89
"2161",34.6196,-114.5505,"Needles",NA,80,77
"1330",37.8227,-118.6523,"Mariposa",3.8,8,55
"1571",35.6278,-115.7433,"Kingman",NA,36,62
"2177",34.6381,-114.4752,"Needles",4.9,43,53
"5019",40.45368,-123.6943,"Redding",6.5,83,74
"773",33.70075,-114.78709,"Salton Sea",7.7,19,49
"4676",40.90216,-121.02271,"Susanville",8,307,152
"2825",34.8421,-116.4192,"San Bernardino",NA,18,44
"4072",36.03636,-119.69471,"Fresno",8.1,77,87
"1819",34.8535,-115.6321,"Needles",NA,32,70
"2602",34.2182,-114.3401,"Needles",NA,49,72
"919",35.1958,-117.8127,"Trona",8.9,21,81
"1467",35.1288,-115.0893,"Kingman",NA,65,99
"1737",35.5142,-115.5763,"Kingman",NA,19,85
"4786",42.00511,-122.18672,"Medford",2,215,92
"2197",34.2874,-115.7982,"Needles",4.6,31,61
"652",35.19652,-119.49219,"Bakersfield",23.8,39,44
"1278",35.3261,-120.8003,"San Luis Obispo",5.8,163,58
"4863",38.23795,-122.42225,"Santa Rosa",7,77,40
"3011",34.6571,-117.2141,"San Bernardino",NA,63,100
"1915",34.8224,-115.099,"Needles",NA,40,87
"4362",39.69757,-122.80262,"Ukiah",9.3,107,123
"833",35.304,-118.2163,"Bakersfield",10.3,70,132
"1134",36.0307,-120.9604,"Monterey",3.6,21,29
"1718",35.0188,-115.9817,"Kingman",NA,19,37
"2538",34.103,-114.754,"Needles",NA,43,72
"133",33.21404,-116.1691,"Santa Ana",4.4,10,41
"2248",34.3467,-115.2249,"Needles",NA,44,50
"4367",39.92303,-122.64709,"Ukiah",2.2,379,110
"4694",40.12719,-122.70565,"Redding",8,182,105
"1669",35.3986,-115.8052,"Kingman",NA,250,57
"297",34.37392,-114.48819,"Needles",11.9,23,66
"2869",34.9203,-116.1726,"San Bernardino",NA,77,74
"1024",36.3562,-117.575,"Death Valley",9.9,21,91
"2361",34.3304,-114.2883,"Needles",NA,72,140
"4917",38.82053,-122.68546,"Santa Rosa",5.3,145,84
"2749",34.7612,-117.1461,"San Bernardino",NA,45,86
"4814",41.75435,-122.48483,"Weed",3.3,86,69
"1162",36.5247,-117.688,"Death Valley",10,34,112
"2891",34.9386,-116.0179,"San Bernardino",NA,53,67
"4075",37.89359,-120.97539,"San Jose",3.2,77,64
"3521",34.4305,-116.4836,"San Bernardino",NA,54,140
"770",36.04814,-120.15277,"Monterey",16.4,72,55
"1638",35.136,-115.3338,"Kingman",NA,35,75
"3826",34.2113,-116.7429,"San Bernardino",NA,33,50
"4191",37.76727,-121.22259,"San Jose",NA,38,67
"4269",41.0727,-120.2466,"Alturas",NA,99,94
"2129",34.7056,-114.54,"Needles",NA,53,54
"2820",34.751,-116.2633,"San Bernardino",NA,67,77
"2237",34.3456,-115.4893,"Needles",NA,54,38
"3206",34.7145,-116.1015,"San Bernardino",NA,83,55
"74",33.10666,-116.84689,"Santa Ana",0.7,66,114
"4553",40.58502,-120.24413,"Susanville",4.1,97,92
"3553",34.3917,-116.0462,"San Bernardino",NA,54,72
"4190",35.60514,-119.40959,"Bakersfield",NA,41,60
"3291",34.3445,-117.6448,"San Bernardino",NA,220,120
"1090",36.6319,-117.893,"Death Valley",6.9,52,105
"2434",34.0525,-115.6737,"Needles",NA,46,72
"3010",34.6571,-117.2141,"San Bernardino",NA,25,58
"4962",39.27405,-123.19559,"Ukiah",3.2,86,75
"3313",34.4883,-117.2938,"San Bernardino",3.1,54,85
"2539",34.0929,-114.7798,"Needles",NA,33,45
"1755",35.5927,-115.5794,"Kingman",NA,47,110
"1513",35.0285,-115.0214,"Kingman",NA,92,93
"2228",34.4182,-115.5344,"Needles",NA,33,35
"304",34.59632,-115.22505,"Needles",4,30,104
"1774",35.7913,-115.9609,"Kingman",NA,25,65
"1238",35.9735,-120.5408,"San Luis Obispo",5,16,31
"976",33.8373,-115.6372,"Salton Sea",3,42,82
"1124",36.3514,-116.6335,"Death Valley",11.6,27,59
"1671",35.4388,-115.6823,"Kingman",NA,40,49
"4688",40.01866,-122.53448,"Redding",11.7,40,88
"4486",39.18734,-120.20614,"Chico",13.2,40,133
"1331",37.0566,-118.313,"Mariposa",4.9,22,58
"961",33.6555,-115.2641,"Salton Sea",5.9,18,80
"2426",34.0349,-115.7423,"Needles",NA,42,36
"2077",34.6599,-115.1031,"Needles",NA,36,56
"717",35.43124,-120.44949,"San Luis Obispo",1.4,13,38
"248",34.55276,-120.56106,"Santa Maria",6.6,66,68
"4018",36.38489,-119.3128,"Fresno",4.7,38,74
"2401",34.0319,-115.8235,"Needles",5,55,150
"2523",34.2376,-115.2066,"Needles",NA,43,41
"1099",36.1771,-121.6303,"Monterey",1.1,81,155
"2114",34.7211,-114.8646,"Needles",NA,54,80
"1767",35.9098,-115.9062,"Kingman",NA,26,59
"632",38.02047,-121.28138,"Sacramento",6,100,94
"1799",34.8387,-115.7661,"Needles",NA,40,59
"2790",34.8277,-116.7587,"San Bernardino",NA,110,99
"511",35.15785,-116.81318,"Trona",3.5,54,78
"1178",36.3734,-117.3929,"Death Valley",10.3,30,63
"4037",35.77566,-119.3511,"Bakersfield",12,50,71
"2456",34.1388,-115.5777,"Needles",NA,56,60
"4595",40.62349,-121.0347,"Susanville",4,163,165
"4921",38.961,-123.05326,"Santa Rosa",3.9,57,62
"990",38.0871,-121.8503,"Sacramento",9.8,67,84
"351",34.87333,-117.37659,"San Bernardino",8.8,48,55
"257",32.70439,-115.10224,"El Centro",3.7,7,33
"2698",34.7544,-117.5886,"San Bernardino",NA,30,63
"1221",36.1745,-118.5614,"Fresno",3.8,15,64
